400124,School Year 2016-2017,124,0,0,0.0,0.0,0.9435483870967742,0.016129032258064516,0.0,0.0,0.056451612903225805,0.9758064516129032,0.0,0.0,0.0,0.23387096774193547,0.0,0,0,0,1,0,0,0,0,0,4,0,1,,60616.0,64486.0
400134,School Year 2016-2017,161,0,0,0.006211180124223602,0.0,0.2670807453416149,0.062111801242236024,0.0,0.0,0.6832298136645962,0.9627329192546584,0.006211180124223602,0.0,0.0,0.14906832298136646,0.037267080745341616,0,0,0,0,1,0,0,0,1,4,0,1,,60616.0,64486.0
400064,School Year 2016-2017,388,1,0,0.010309278350515464,0.0,0.8685567010309279,0.020618556701030927,0.0,0.005154639175257732,0.10051546391752578,0.8634020618556701,0.010309278350515464,0.0,0.0,0.19329896907216496,0.005154639175257732,1,0,0,1,0,0,0,1,1,7,1,1,2.6602595372658615,60616.0,64486.0
400105,School Year 2016-2017,322,0,0,0.0,0.0,0.9751552795031055,0.0,0.0,0.0,0.012422360248447204,0.8136645962732919,0.009316770186335404,0.003105590062111801,0.0,0.19254658385093168,0.0,2,0,0,1,0,0,0,1,1,4,1,0,2.867898902044106,60616.0,64486.0
609676,School Year 2016-2017,455,0,1,0.0,0.0,0.9648351648351648,0.01978021978021978,0.0,0.0,0.03296703296703297,0.9648351648351648,0.0,0.002197802197802198,0.0,0.2725274725274725,0.0,2,0,0,0,0,0,0,0,0,4,0,0,3.349904087274605,60616.0,64486.0
400145,School Year 2016-2017,198,0,0,0.0,0.0,0.9242424242424242,0.010101010101010102,0.0,0.0,0.06565656565656566,0.9494949494949495,0.010101010101010102,0.0,0.0,0.16666666666666666,0.0,0,0,0,1,0,0,0,1,1,4,0,1,,60616.0,64486.0
400087,School Year 2016-2017,198,0,1,0.0,0.0,0.9242424242424242,0.0,0.0,0.0,0.045454545454545456,0.9242424242424242,0.010101010101010102,0.0,0.0,0.31313131313131315,0.020202020202020204,1,0,0,0,0,0,0,1,1,4,1,1,3.505557396986398,60616.0,64486.0
609769,School Year 2016-2017,116,1,0,0.02586206896551724,0.0,0.5344827586206896,0.3017241379310345,0.0,0.0,0.4224137931034483,0.9396551724137931,0.008620689655172414,0.0,0.0,1.0,0.008620689655172414,1,0,0,1,0,0,0,1,1,4,0,0,,60616.0,64486.0
609764,School Year 2016-2017,1739,0,1,0.002875215641173088,0.0,0.03335250143760782,0.19033927544565843,0.0063254744105807935,0.0,0.9453709028177113,0.9539965497412306,0.0017251293847038527,0.0034502587694077054,0.0,0.16158711903392756,0.006900517538815411,2,1,0,0,0,1,0,1,0,4,0,0,2.949688335052584,60608.0,53353.0
400104,School Year 2016-2017,742,0,0,0.0,0.0,0.03234501347708895,0.22776280323450135,0.0,0.0,0.9622641509433962,0.9703504043126685,0.0,0.0013477088948787063,0.0,0.1967654986522911,0.004043126684636119,1,1,0,0,1,1,0,0,1,4,1,1,2.8449093838194077,60608.0,53353.0
609748,School Year 2016-2017,199,0,0,0.0,0.0,0.7738693467336684,0.010050251256281407,0.0,0.0,0.18090452261306533,0.8743718592964824,0.0,0.01507537688442211,0.0,0.2914572864321608,0.03015075376884422,0,0,0,0,0,0,0,0,0,4,0,1,4.5880240271531205,60608.0,53353.0
400057,School Year 2016-2017,954,0,1,0.033542976939203356,0.0,0.30922431865828093,0.08385744234800839,0.0020964360587002098,0.0020964360587002098,0.6352201257861635,0.8532494758909853,0.0020964360587002098,0.0031446540880503146,0.0,0.14779874213836477,0.012578616352201259,2,1,0,0,0,1,0,0,1,4,1,1,2.8154087194227095,60608.0,53353.0
400135,School Year 2016-2017,202,0,0,0.0049504950495049506,0.0,0.054455445544554455,0.1782178217821782,0.0,0.0,0.9356435643564357,0.9405940594059405,0.0,0.0049504950495049506,0.0,0.23267326732673269,0.0,1,1,0,0,0,1,0,0,1,4,0,0,,60608.0,53353.0
400164,School Year 2016-2017,81,0,0,0.0,0.0,0.012345679012345678,0.2962962962962963,0.0,0.0,0.9876543209876543,0.9753086419753086,0.0,0.0,0.0,0.19753086419753085,0.0,1,1,0,0,1,1,0,1,0,4,0,1,,60608.0,53353.0
609750,School Year 2016-2017,38,0,0,0.0,0.0,0.7368421052631579,0.05263157894736842,0.0,0.0,0.21052631578947367,0.9736842105263158,0.0,0.0,0.0,0.15789473684210525,0.05263157894736842,1,0,0,0,0,1,0,0,0,7,0,1,4.364371699435161,60608.0,53353.0
400102,School Year 2016-2017,225,0,1,0.0,0.0,0.9777777777777777,0.0,0.0,0.0,0.013333333333333334,0.8755555555555555,0.008888888888888889,0.0,0.0,0.26222222222222225,0.0,1,1,0,0,0,0,0,0,1,4,1,0,3.580737295494233,60608.0,53353.0
400091,School Year 2016-2017,245,1,0,0.00816326530612245,0.0,0.7714285714285715,0.012244897959183673,0.0,0.0,0.1836734693877551,0.9061224489795918,0.004081632653061225,0.0,0.0,0.24897959183673468,0.0326530612244898,1,1,0,0,0,1,0,1,1,4,0,1,3.417726683613366,60608.0,53353.0
400054,School Year 2016-2017,992,0,1,0.0010080645161290322,0.0,0.03024193548387097,0.12096774193548387,0.0,0.0,0.9526209677419355,0.9435483870967742,0.0020161290322580645,0.005040322580645161,0.0,0.10685483870967742,0.009072580645161291,2,1,1,0,0,0,0,0,1,4,1,1,2.2721258855093374,60639.0,51037.0
400169,School Year 2016-2017,1015,0,0,0.0019704433497536944,0.0,0.12610837438423644,0.09064039408866995,0.0,0.0019704433497536944,0.8453201970443349,0.8945812807881773,0.0049261083743842365,0.002955665024630542,0.0,0.14482758620689656,0.016748768472906402,2,0,0,1,0,0,0,0,1,4,1,0,,60639.0,51037.0
609691,School Year 2016-2017,954,1,0,0.005241090146750524,0.0,0.16037735849056603,0.19077568134171907,0.0,0.0,0.8144654088050315,0.9454926624737946,0.005241090146750524,0.0031446540880503146,0.0,0.16561844863731656,0.011530398322851153,2,0,0,0,0,0,0,0,0,4,0,1,3.246490991901174,60639.0,51037.0
609716,School Year 2016-2017,445,1,0,0.0,0.0,0.0696629213483146,0.32808988764044944,0.0022471910112359553,0.0022471910112359553,0.903370786516854,0.9325842696629213,0.0022471910112359553,0.0044943820224719105,0.0,0.19775280898876405,0.015730337078651686,1,1,0,0,0,0,0,0,1,6,0,1,3.4078419243808242,60639.0,51037.0
609679,School Year 2016-2017,1398,0,1,0.005007153075822604,0.0,0.18025751072961374,0.058655221745350504,0.0,0.000715307582260372,0.7875536480686696,0.9413447782546495,0.002145922746781116,0.005007153075822604,0.0,0.12947067238912732,0.019313304721030045,4,0,0,0,0,0,0,0,0,4,0,0,2.4680995314716188,60639.0,51037.0
609726,School Year 2016-2017,959,1,0,0.0010427528675703858,0.0,0.7893639207507821,0.0020855057351407717,0.008342022940563087,0.0020855057351407717,0.18248175182481752,0.721584984358707,0.0072992700729927005,0.0020855057351407717,0.0,0.061522419186652764,0.0072992700729927005,2,0,0,0,1,0,0,0,0,6,0,1,1.887069649032379,60628.0,49517.0
400156,School Year 2016-2017,654,0,0,0.0,0.0,0.9556574923547401,0.01834862385321101,0.0045871559633027525,0.0015290519877675841,0.03363914373088685,0.9204892966360856,0.0045871559633027525,0.0,0.0,0.20030581039755352,0.0,0,0,0,0,0,0,0,1,1,4,1,0,,60628.0,49517.0
400136,School Year 2016-2017,78,0,0,0.0,0.0,0.8461538461538461,0.01282051282051282,0.0,0.0,0.15384615384615385,0.8461538461538461,0.0,0.0,0.0,0.08974358974358974,0.0,0,0,0,0,0,0,0,1,1,4,0,0,,60628.0,49517.0
609705,School Year 2016-2017,248,1,0,0.0,0.0,0.9798387096774194,0.008064516129032258,0.0,0.0,0.012096774193548387,0.9153225806451613,0.008064516129032258,0.0,0.0,0.1532258064516129,0.0,1,1,1,0,0,0,0,0,1,4,0,0,3.9219733362813143,60628.0,49517.0
609761,School Year 2016-2017,307,1,0,0.0,0.0,0.9837133550488599,0.0,0.0,0.0,0.013029315960912053,0.9250814332247557,0.0,0.003257328990228013,0.0,0.2768729641693811,0.0,1,0,0,0,0,0,0,1,1,4,0,0,3.6216707044204863,60628.0,49517.0
400161,School Year 2016-2017,381,0,0,0.0,0.0,0.984251968503937,0.0,0.0026246719160104987,0.0,0.010498687664041995,0.9291338582677166,0.0026246719160104987,0.0,0.0,0.1784776902887139,0.0,0,0,0,0,0,0,0,0,0,6,1,1,,60628.0,49517.0
609710,School Year 2016-2017,387,0,1,0.0,0.0,0.9896640826873385,0.0,0.0,0.0,0.002583979328165375,0.9431524547803618,0.002583979328165375,0.002583979328165375,0.0,0.2739018087855297,0.002583979328165375,1,0,0,0,0,0,0,1,0,6,0,1,3.8155121050473024,60628.0,49517.0
400094,School Year 2016-2017,523,0,1,0.0,0.0,0.6328871892925431,0.13766730401529637,0.0,0.0,0.35564053537284895,0.9388145315487572,0.0076481835564053535,0.0,0.0,0.2237093690248566,0.0038240917782026767,1,0,0,0,0,0,0,0,1,4,1,1,3.40452517175483,60617.0,48829.0
609739,School Year 2016-2017,1435,0,1,0.0020905923344947735,0.0,0.0529616724738676,0.12822299651567945,0.0,0.0006968641114982578,0.8766550522648083,0.9038327526132404,0.003484320557491289,0.009059233449477353,0.0,0.1505226480836237,0.05505226480836237,1,0,0,0,0,0,0,0,1,4,0,0,3.3250360206965914,60617.0,48829.0
400157,School Year 2016-2017,366,0,0,0.00273224043715847,0.0,0.8415300546448088,0.05191256830601093,0.00273224043715847,0.0,0.12568306010928962,0.9016393442622951,0.01092896174863388,0.00546448087431694,0.0,0.24316939890710382,0.01092896174863388,2,0,0,0,0,0,0,1,1,4,1,1,,60617.0,48829.0
609674,School Year 2016-2017,885,0,1,0.0,0.0,0.9694915254237289,0.012429378531073447,0.0,0.0,0.021468926553672316,0.9514124293785311,0.003389830508474576,0.004519774011299435,0.0,0.2903954802259887,0.0011299435028248588,1,0,0,0,0,0,0,0,1,4,0,0,3.3105430133940246,60617.0,48829.0
610323,School Year 2016-2017,293,0,1,0.0,0.0,0.7781569965870307,0.07167235494880546,0.0,0.0,0.2150170648464164,0.9249146757679181,0.0034129692832764505,0.0,0.0,0.3003412969283277,0.0034129692832764505,2,0,0,0,0,0,0,0,1,4,0,1,3.591817741270805,60617.0,48829.0
400139,School Year 2016-2017,322,0,0,0.0,0.0,0.9440993788819876,0.0,0.003105590062111801,0.0,0.049689440993788817,0.9596273291925466,0.0,0.0,0.0,0.20186335403726707,0.003105590062111801,0,0,0,0,0,0,0,0,0,4,0,0,,60617.0,48829.0
400175,School Year 2016-2017,99,0,0,0.0,0.0,0.8888888888888888,0.020202020202020204,0.0,0.0,0.1111111111111111,0.9191919191919192,0.0,0.0,0.0,0.2222222222222222,0.0,0,0,0,1,0,0,0,1,1,4,0,1,,60649.0,42569.0
610547,School Year 2016-2017,651,0,0,0.0015360983102918587,0.0,0.9585253456221198,0.006144393241167435,0.0,0.0,0.027649769585253458,0.8725038402457758,0.01228878648233487,0.0,0.0,0.0890937019969278,0.0,2,0,0,0,0,0,0,1,1,4,0,1,3.367295829986474,60649.0,42569.0
610573,School Year 2016-2017,5,0,0,0.0,0.0,1.0,0.0,0.0,0.0,0.0,1.0,0.0,0.0,0.0,0.0,0.0,0,0,0,0,0,0,0,0,0,4,0,1,,60649.0,42569.0
609755,School Year 2016-2017,2156,0,1,0.1590909090909091,0.0,0.21382189239332097,0.010667903525046383,0.0,0.004174397031539889,0.2987012987012987,0.413265306122449,0.03849721706864564,0.003246753246753247,0.0,0.06679035250463822,0.2824675324675325,8,1,0,0,0,0,0,0,0,6,0,1,1.3350010667323393,60607.0,118044.0
400036,School Year 2016-2017,672,1,0,0.052083333333333336,0.0,0.5505952380952381,0.05654761904761905,0.013392857142857142,0.0,0.21577380952380953,0.7127976190476191,0.03571428571428571,0.002976190476190476,0.0,0.15476190476190477,0.12946428571428573,6,1,0,1,0,0,0,0,0,13,1,0,3.912023005428146,60607.0,118044.0
609756,School Year 2016-2017,2924,0,1,0.025991792065663474,0.0,0.13098495212038302,0.11080711354309165,0.0,0.0003419972640218878,0.8129274965800274,0.9278385772913816,0.003761969904240766,0.004103967168262654,0.0,0.10601915184678523,0.02188782489740082,4,1,0,0,1,0,0,1,0,4,0,1,3.1780538303479458,60632.0,52566.0
400173,School Year 2016-2017,270,0,0,0.007407407407407408,0.0,0.03333333333333333,0.08518518518518518,0.0,0.0,0.9,0.9444444444444444,0.011111111111111112,0.003703703703703704,0.0,0.1037037037037037,0.044444444444444446,0,0,0,0,0,0,0,0,0,4,0,0,,60632.0,52566.0
400085,School Year 2016-2017,576,0,0,0.003472222222222222,0.0,0.005208333333333333,0.2152777777777778,0.003472222222222222,0.0,0.9670138888888888,0.9409722222222222,0.0,0.003472222222222222,0.0,0.1423611111111111,0.017361111111111112,2,0,0,0,1,0,0,0,1,4,1,1,2.740840023925201,60632.0,52566.0
609715,School Year 2016-2017,1949,1,0,0.12365315546434069,0.0,0.03745510518214469,0.25756798358132377,0.013340174448435094,0.001026167265264238,0.8034889687018985,0.9409953822473063,0.0030785017957927143,0.002565418163160595,0.0,0.1806054386865059,0.01539250897896357,2,0,0,0,1,0,0,0,0,4,0,0,3.100092288878234,60632.0,52566.0
400149,School Year 2016-2017,559,0,0,0.0,0.0,0.01073345259391771,0.27549194991055453,0.007155635062611807,0.0,0.9785330948121646,0.9463327370304114,0.0,0.0,0.0,0.13953488372093023,0.0035778175313059034,2,0,0,0,1,0,0,0,1,4,1,1,,60632.0,52566.0
610543,School Year 2016-2017,1190,1,0,0.0,0.0,0.047058823529411764,0.12773109243697478,0.0008403361344537816,0.0,0.9378151260504202,0.9478991596638655,0.0033613445378151263,0.0033613445378151263,0.0,0.10504201680672269,0.007563025210084034,2,0,0,0,1,0,0,0,1,4,0,0,2.970414465569701,60632.0,52566.0
400179,School Year 2016-2017,525,0,0,0.02095238095238095,0.0,0.011428571428571429,0.20761904761904762,0.0,0.0019047619047619048,0.9523809523809523,0.9142857142857143,0.0,0.0019047619047619048,0.0,0.15619047619047619,0.011428571428571429,2,0,0,0,1,0,0,0,1,2,1,0,,60632.0,52566.0
610518,School Year 2016-2017,223,0,1,0.0,0.0,0.9641255605381166,0.013452914798206279,0.0,0.0,0.02242152466367713,0.968609865470852,0.004484304932735426,0.004484304932735426,0.0,0.28699551569506726,0.004484304932735426,1,0,0,1,0,0,0,0,0,4,0,1,3.3707381741774465,60644.0,40069.0
400123,School Year 2016-2017,130,0,0,0.0,0.0,0.9538461538461539,0.0,0.0,0.0,0.038461538461538464,0.9153846153846154,0.0,0.007692307692307693,0.0,0.2153846153846154,0.0,0,0,0,1,0,0,0,0,1,4,0,1,,60644.0,40069.0
610245,School Year 2016-2017,103,0,1,0.0,0.0,0.970873786407767,0.019417475728155338,0.0,0.0,0.02912621359223301,0.9805825242718447,0.0,0.0,0.0,0.30097087378640774,0.0,1,0,0,1,0,0,0,0,1,4,0,0,3.7773481021015445,60644.0,40069.0
610244,School Year 2016-2017,548,1,0,0.0,0.0,0.9744525547445255,0.010948905109489052,0.0,0.0,0.023722627737226276,0.9343065693430657,0.0,0.0018248175182481751,0.0,0.12226277372262774,0.0,1,1,0,1,0,0,0,0,1,4,0,0,2.6532419646072154,60644.0,40069.0
400077,School Year 2016-2017,635,0,1,0.0,0.0,0.9763779527559056,0.0031496062992125984,0.0031496062992125984,0.0,0.012598425196850394,0.8393700787401575,0.006299212598425197,0.0015748031496062992,0.0,0.16377952755905512,0.0,0,0,0,1,0,0,0,0,1,7,1,1,3.1654750481410856,60637.0,53749.0
609713,School Year 2016-2017,852,1,0,0.0,0.0,0.9859154929577465,0.005868544600938967,0.0,0.0,0.008215962441314555,0.9424882629107981,0.0035211267605633804,0.0011737089201877935,0.0,0.1960093896713615,0.0011737089201877935,2,0,0,1,0,0,0,1,1,4,0,0,3.8372994592322094,60637.0,53749.0
400129,School Year 2016-2017,136,0,0,0.0,0.0,0.9926470588235294,0.0,0.0,0.0,0.007352941176470588,0.9779411764705882,0.0,0.0,0.0,0.16911764705882354,0.0,0,0,0,1,0,0,0,0,1,4,0,1,,60637.0,53749.0
400056,School Year 2016-2017,474,1,0,0.002109704641350211,0.0,0.7510548523206751,0.05907172995780591,0.0,0.0,0.23839662447257384,0.930379746835443,0.002109704641350211,0.004219409282700422,0.0,0.2468354430379747,0.002109704641350211,2,1,1,1,0,0,0,0,1,4,1,1,2.867898902044106,60651.0,46745.0
400127,School Year 2016-2017,113,0,0,0.0,0.0,0.9734513274336283,0.0,0.0,0.0,0.017699115044247787,0.9203539823008849,0.0,0.0,0.0,0.12389380530973451,0.008849557522123894,0,0,0,1,0,0,0,1,0,4,0,1,,60651.0,46745.0
400144,School Year 2016-2017,78,0,0,0.0,0.0,0.7692307692307693,0.05128205128205128,0.0,0.0,0.23076923076923078,0.9487179487179487,0.0,0.0,0.0,0.08974358974358974,0.0,0,1,0,1,0,0,0,0,1,4,0,0,,60651.0,46745.0
400126,School Year 2016-2017,124,0,0,0.0,0.0,0.31451612903225806,0.04838709677419355,0.0,0.0,0.6451612903225806,0.9435483870967742,0.008064516129032258,0.0,0.0,0.24193548387096775,0.03225806451612903,0,1,0,0,0,0,0,0,0,4,0,0,,60651.0,46745.0
610394,School Year 2016-2017,245,0,1,0.02040816326530612,0.0,0.8,0.10204081632653061,0.0,0.0,0.13877551020408163,0.9346938775510204,0.012244897959183673,0.004081632653061225,0.0,0.363265306122449,0.024489795918367346,2,0,0,0,0,0,0,1,0,4,0,1,3.246490991901174,60640.0,72798.0
400141,School Year 2016-2017,202,0,0,0.07920792079207921,0.0,0.31683168316831684,0.06930693069306931,0.0049504950495049506,0.0049504950495049506,0.4801980198019802,0.7673267326732673,0.009900990099009901,0.0049504950495049506,0.0,0.12871287128712872,0.09900990099009901,0,0,0,0,0,0,1,1,0,4,0,1,,60640.0,72798.0
400128,School Year 2016-2017,134,0,0,0.0,0.0,0.9925373134328358,0.0,0.007462686567164179,0.0,0.0,0.9552238805970149,0.0,0.0,0.0,0.23134328358208955,0.0,0,1,0,0,0,0,0,0,0,4,0,1,,60623.0,39666.0
400058,School Year 2016-2017,357,1,0,0.0,0.0,0.9943977591036415,0.0,0.0,0.0,0.0028011204481792717,0.9775910364145658,0.0,0.0,0.0,0.18207282913165265,0.0028011204481792717,1,0,0,1,0,0,0,0,1,4,1,1,3.4934726577713264,60623.0,39666.0
609704,School Year 2016-2017,731,0,0,0.0,0.0,0.08207934336525308,0.2818057455540356,0.009575923392612859,0.0,0.9001367989056087,0.9616963064295485,0.0,0.0027359781121751026,0.0,0.2270861833105335,0.005471956224350205,2,0,0,0,0,1,0,0,1,5,0,1,3.5467396869528134,60623.0,39666.0
610385,School Year 2016-2017,238,1,0,0.0,0.0,0.11764705882352941,0.3025210084033613,0.0,0.0,0.865546218487395,0.9327731092436975,0.004201680672268907,0.0,0.0,0.28991596638655465,0.012605042016806723,1,0,0,0,0,0,0,0,1,4,0,1,2.949688335052584,60623.0,39666.0
610383,School Year 2016-2017,283,1,0,0.0,0.0,0.10600706713780919,0.26501766784452296,0.0,0.0,0.8833922261484098,0.9611307420494699,0.0,0.0035335689045936395,0.0,0.19434628975265017,0.007067137809187279,3,0,0,0,0,0,0,0,1,4,0,1,2.5257286443082556,60623.0,39666.0
610384,School Year 2016-2017,420,1,0,0.002380952380952381,0.0,0.007142857142857143,0.11666666666666667,0.0,0.0,0.9833333333333333,0.9595238095238096,0.0,0.0,0.0,0.12380952380952381,0.007142857142857143,2,0,0,0,0,0,0,0,1,4,0,0,1.7578579175523732,60623.0,39666.0
610392,School Year 2016-2017,351,1,0,0.0,0.0,0.06552706552706553,0.2535612535612536,0.014245014245014245,0.0,0.9088319088319088,0.9601139601139601,0.002849002849002849,0.0,0.0,0.15384615384615385,0.008547008547008548,2,0,0,0,0,1,0,0,1,4,0,0,3.095577608523707,60623.0,39666.0
610357,School Year 2016-2017,127,0,0,0.0,0.0,0.007874015748031496,0.33858267716535434,0.0,0.0,0.9763779527559056,0.9606299212598425,0.0,0.007874015748031496,0.0,0.2677165354330709,0.007874015748031496,1,0,0,0,0,0,0,0,1,4,0,0,2.1747517214841605,60623.0,39666.0
610499,School Year 2016-2017,256,0,1,0.0,0.0,0.98046875,0.00390625,0.0,0.00390625,0.015625,0.99609375,0.0,0.0,0.0,0.23046875,0.0,1,0,0,0,0,0,0,0,1,4,0,1,3.716008121502189,60623.0,39666.0
400059,School Year 2016-2017,351,0,1,0.0,0.0,0.9914529914529915,0.0,0.0,0.0,0.005698005698005698,0.9686609686609686,0.002849002849002849,0.0,0.0,0.17663817663817663,0.0,1,0,0,0,0,0,0,1,1,4,1,1,3.4111477125153233,60623.0,39666.0
609692,School Year 2016-2017,1339,0,1,0.0,0.0,0.988050784167289,0.0,0.0,0.0,0.008961911874533234,0.9208364451082898,0.0014936519790888724,0.0007468259895444362,0.0,0.09932785660941,0.0007468259895444362,2,0,0,0,0,0,0,1,1,4,0,0,2.9601050959108397,60620.0,45007.0
400117,School Year 2016-2017,656,0,0,0.0,0.0,0.9557926829268293,0.012195121951219513,0.027439024390243903,0.001524390243902439,0.012195121951219513,0.8399390243902439,0.001524390243902439,0.0,0.0,0.22713414634146342,0.001524390243902439,1,0,0,0,0,0,0,1,1,4,1,1,,60620.0,45007.0
610581,School Year 2016-2017,152,0,0,0.0,0.0,0.9539473684210527,0.0,0.0,0.0,0.03289473684210526,0.8552631578947368,0.013157894736842105,0.0,0.0,0.19736842105263158,0.0,0,0,0,0,0,0,0,1,0,4,0,1,,60620.0,45007.0
400130,School Year 2016-2017,121,0,0,0.0,0.0,0.9752066115702479,0.0,0.0,0.0,0.024793388429752067,0.9421487603305785,0.0,0.0,0.0,0.17355371900826447,0.0,0,0,0,0,0,0,0,0,1,4,0,1,,60620.0,45007.0
400062,School Year 2016-2017,329,0,1,0.0,0.0,0.9756838905775076,0.00303951367781155,0.0,0.0,0.0182370820668693,0.8996960486322189,0.0060790273556231,0.0,0.0,0.19756838905775076,0.0,1,0,0,0,0,0,0,1,1,4,1,0,3.2921262866077936,60620.0,45007.0
400061,School Year 2016-2017,428,0,1,0.0,0.0,0.9742990654205608,0.0,0.004672897196261682,0.002336448598130841,0.011682242990654205,0.9485981308411215,0.007009345794392523,0.0,0.0,0.17757009345794392,0.0,1,0,0,0,0,0,0,1,1,7,1,0,3.2108436531709366,60620.0,45007.0
400032,School Year 2016-2017,425,0,1,0.0,0.0,0.9811764705882353,0.0,0.009411764705882352,0.0,0.007058823529411765,0.92,0.002352941176470588,0.0,0.0,0.18823529411764706,0.0,1,0,0,1,0,0,0,0,1,4,1,1,3.063390922027806,60620.0,45007.0
610529,School Year 2016-2017,880,0,1,0.04659090909090909,0.0,0.36704545454545456,0.0375,0.0,0.0011363636363636363,0.32727272727272727,0.5465909090909091,0.028409090909090908,0.004545454545454545,0.0,0.10568181818181818,0.225,3,1,0,0,0,0,0,0,0,7,0,0,2.7972813348301533,60642.0,107647.0
400055,School Year 2016-2017,634,0,1,0.00473186119873817,0.0,0.167192429022082,0.12460567823343849,0.011041009463722398,0.0,0.7854889589905363,0.8233438485804416,0.006309148264984227,0.0031545741324921135,0.0,0.138801261829653,0.022082018927444796,2,1,0,0,0,0,0,0,1,4,1,1,2.6672282065819553,60642.0,107647.0
400051,School Year 2016-2017,655,0,0,0.007633587786259542,0.0,0.1251908396946565,0.08396946564885496,0.0,0.0,0.8427480916030534,0.8854961832061069,0.0061068702290076335,0.0061068702290076335,0.0,0.12061068702290076,0.012213740458015267,1,1,0,0,0,0,0,0,1,4,1,1,1.97408102602201,60642.0,107647.0
400053,School Year 2016-2017,670,0,1,0.004477611940298508,0.0,0.15223880597014924,0.11194029850746269,0.007462686567164179,0.0,0.8044776119402985,0.8985074626865671,0.008955223880597015,0.004477611940298508,0.0,0.15522388059701492,0.01791044776119403,2,1,0,0,0,0,0,0,1,4,1,1,2.906901059847375,60642.0,107647.0
610340,School Year 2016-2017,541,1,0,0.051756007393715345,0.0,0.11829944547134935,0.09981515711645102,0.0,0.0018484288354898336,0.6173752310536045,0.8207024029574861,0.009242144177449169,0.0036968576709796672,0.0,0.2088724584103512,0.1977818853974122,1,0,0,0,0,0,0,0,0,4,0,1,2.6810215287142904,60634.0,72212.0
609732,School Year 2016-2017,1281,0,0,0.02263856362217018,0.0,0.14988290398126464,0.17486338797814208,0.00078064012490242,0.00156128024980484,0.7291178766588603,0.8844652615144418,0.00312256049960968,0.0078064012490242,0.0,0.17486338797814208,0.08508977361436378,3,0,0,0,0,0,0,0,1,4,0,0,3.3568971227655755,60634.0,72212.0
610561,School Year 2016-2017,489,0,1,0.012269938650306749,0.0,0.7280163599182005,0.016359918200409,0.0081799591002045,0.0,0.23721881390593047,0.8875255623721882,0.006134969325153374,0.002044989775051125,0.0,0.05930470347648262,0.006134969325153374,3,1,0,0,0,0,0,0,1,4,0,0,,60612.0,55246.0
609722,School Year 2016-2017,113,0,1,0.0,0.0,0.9734513274336283,0.008849557522123894,0.0,0.0,0.02654867256637168,0.9292035398230089,0.0,0.0,0.0,0.30973451327433627,0.0,1,1,0,0,0,0,0,0,1,4,0,1,3.7400477406883357,60612.0,55246.0
610571,School Year 2016-2017,341,0,0,0.0,0.0,0.5483870967741935,0.09090909090909091,0.0,0.0,0.4340175953079179,0.9384164222873901,0.002932551319648094,0.002932551319648094,0.0,0.16715542521994134,0.011730205278592375,1,1,0,0,0,0,0,0,1,4,0,0,,60612.0,55246.0
400143,School Year 2016-2017,87,0,0,0.0,0.0,0.8160919540229885,0.022988505747126436,0.0,0.0,0.1724137931034483,0.9655172413793104,0.0,0.0,0.0,0.16091954022988506,0.011494252873563218,0,1,0,1,0,0,0,0,1,4,0,1,,60612.0,55246.0
400142,School Year 2016-2017,0,0,0,,,,,,,,,,,,,,0,0,0,0,0,0,0,0,0,4,0,1,,60612.0,55246.0
609783,School Year 2016-2017,208,0,0,0.004807692307692308,0.0,0.8365384615384616,0.02403846153846154,0.0,0.0,0.14423076923076922,0.8701923076923077,0.0,0.0,0.0,0.3701923076923077,0.014423076923076924,0,0,0,0,0,0,0,0,0,7,0,0,4.592084946439436,60612.0,55246.0
400097,School Year 2016-2017,1146,0,1,0.005235602094240838,0.0,0.32897033158813266,0.07853403141361257,0.0,0.0008726003490401396,0.6570680628272252,0.881326352530541,0.002617801047120419,0.0017452006980802793,0.0,0.14048865619546247,0.0034904013961605585,1,1,0,0,0,0,0,0,1,4,1,1,3.349904087274605,60612.0,55246.0
610304,School Year 2016-2017,533,0,1,0.01125703564727955,0.0,0.16885553470919323,0.04690431519699812,0.00375234521575985,0.001876172607879925,0.801125703564728,0.9437148217636022,0.00375234521575985,0.00375234521575985,0.0,0.06191369606003752,0.005628517823639775,1,1,0,1,0,0,0,0,1,4,0,0,2.1400661634962708,60612.0,55246.0
609744,School Year 2016-2017,230,1,0,0.043478260869565216,0.0,0.22608695652173913,0.33043478260869563,0.0,0.0,0.5043478260869565,0.8434782608695652,0.017391304347826087,0.008695652173913044,0.0,1.0,0.2,1,0,0,0,0,0,0,0,0,4,0,1,4.5736795188967205,60659.0,68301.0
609724,School Year 2016-2017,1430,1,0,0.30699300699300697,0.0,0.11818181818181818,0.25874125874125875,0.0013986013986013986,0.0013986013986013986,0.35874125874125873,0.8433566433566434,0.016083916083916083,0.006993006993006993,0.0,0.12097902097902098,0.1902097902097902,3,0,1,0,0,0,0,1,0,4,0,0,3.321432413193293,60659.0,68301.0
400034,School Year 2016-2017,901,0,1,0.1564927857935627,0.0,0.06548279689234185,0.12652608213096558,0.0011098779134295228,0.003329633740288568,0.5360710321864595,0.802441731409545,0.021087680355160933,0.00776914539400666,0.0,0.23640399556048836,0.20865704772475027,2,1,0,0,0,0,0,1,1,4,1,1,2.8154087194227095,60659.0,68301.0
609738,School Year 2016-2017,2097,1,0,0.11683357176919408,0.0,0.21316165951359084,0.026227944682880304,0.004291845493562232,0.0009537434430138292,0.34763948497854075,0.5431568907963757,0.03242727706247019,0.003814973772055317,0.0,0.08106819265617549,0.28087744396757275,5,1,1,0,0,0,1,1,0,4,0,0,2.5095992623783716,60614.0,144069.0
609746,School Year 2016-2017,1763,0,1,0.028927963698241632,0.0,0.8326715825297788,0.009075439591605219,0.017016449234259785,0.0011344299489506524,0.04424276800907544,0.6012478729438457,0.021554169030062395,0.0028360748723766306,0.0,0.06182643221781055,0.05161656267725468,4,1,0,0,0,0,0,0,0,6,0,0,2.734367509419584,60615.0,65976.0
610381,School Year 2016-2017,322,0,1,0.006211180124223602,0.0,0.9658385093167702,0.018633540372670808,0.0,0.0,0.024844720496894408,0.9658385093167702,0.0,0.003105590062111801,0.0,0.17080745341614906,0.0,2,0,0,1,0,0,0,1,1,4,0,1,2.9652730660692828,60615.0,65976.0
610587,School Year 2016-2017,331,0,0,0.0,0.0,0.9788519637462235,0.0,0.0,0.0,0.015105740181268883,0.8761329305135952,0.0030211480362537764,0.0,0.0,0.1268882175226586,0.0030211480362537764,0,0,0,0,0,0,0,0,0,2,0,0,,60615.0,65976.0
610380,School Year 2016-2017,232,0,1,0.0,0.0,0.9741379310344828,0.004310344827586207,0.0,0.0,0.017241379310344827,0.9655172413793104,0.004310344827586207,0.0,0.0,0.14224137931034483,0.004310344827586207,1,0,0,1,0,0,0,1,1,4,0,1,2.803360380906535,60615.0,65976.0
609712,School Year 2016-2017,132,0,0,0.0,0.0,0.9772727272727273,0.007575757575757576,0.0,0.0,0.007575757575757576,0.9015151515151515,0.0,0.007575757575757576,0.0,0.4015151515151515,0.007575757575757576,1,1,0,1,0,0,0,0,1,4,0,0,4.157319361383489,60619.0,44893.0
400150,School Year 2016-2017,109,0,0,0.0,0.0,0.9908256880733946,0.0,0.0,0.0,0.009174311926605505,0.926605504587156,0.0,0.0,0.0,0.12844036697247707,0.0,0,0,0,0,0,0,0,1,1,4,0,1,,60619.0,44893.0
400052,School Year 2016-2017,1118,0,0,0.0,0.0,0.9660107334525939,0.006261180679785331,0.009838998211091235,0.0008944543828264759,0.022361359570661897,0.8667262969588551,0.0008944543828264759,0.0,0.0,0.16279069767441862,0.0,1,0,0,0,0,0,0,0,1,7,1,0,2.476538400117484,60619.0,44893.0
610569,School Year 2016-2017,205,0,0,0.03902439024390244,0.0,0.07317073170731707,0.07317073170731707,0.0,0.00975609756097561,0.5707317073170731,0.8146341463414634,0.024390243902439025,0.00975609756097561,0.0,0.2,0.2731707317073171,2,1,0,0,0,0,0,0,1,4,0,0,,60631.0,96218.0
609734,School Year 2016-2017,3369,0,1,0.07272187592757495,0.0,0.022855446720094985,0.05936479667557139,0.01840308696942713,0.0014841199168892847,0.39536954585930545,0.5411101216978332,0.023745918670228554,0.0026714158504007124,0.0,0.11694864945087563,0.46274859008607894,6,1,0,0,0,0,0,0,0,6,0,0,2.6946271807700692,60631.0,96218.0
400171,School Year 2016-2017,223,1,0,0.0,0.0,0.9820627802690582,0.008968609865470852,0.0,0.0,0.017937219730941704,0.9237668161434978,0.0,0.0,0.0,0.2600896860986547,0.0,0,0,0,0,0,0,0,1,1,5,1,1,,60643.0,81467.0
400033,School Year 2016-2017,1329,0,0,0.0,0.0,0.9834462001504891,0.006772009029345372,0.006019563581640331,0.0,0.006019563581640331,0.9187358916478555,0.0030097817908201654,0.0,0.0,0.17306245297215953,0.0015048908954100827,0,0,0,0,0,0,0,0,1,10,1,1,2.8564702062204836,60643.0,81467.0
400147,School Year 2016-2017,260,0,0,0.0,0.0,0.9576923076923077,0.007692307692307693,0.0,0.0,0.03461538461538462,0.9192307692307692,0.007692307692307693,0.0,0.0,0.21153846153846154,0.0,0,0,0,0,0,0,0,0,1,4,0,1,,60643.0,81467.0
609762,School Year 2016-2017,509,0,1,0.0,0.0,0.9882121807465619,0.0019646365422396855,0.0,0.0,0.009823182711198428,0.962671905697446,0.0019646365422396855,0.0,0.0,0.2337917485265226,0.0,1,0,0,0,0,0,0,0,1,4,0,0,3.2425923514855164,60643.0,81467.0
609725,School Year 2016-2017,1282,0,1,0.00078003120124805,0.0,0.9781591263650546,0.00234009360374415,0.0,0.00078003120124805,0.01014040561622465,0.8728549141965679,0.0062402496099844,0.00078003120124805,0.0,0.10764430577223089,0.0031201248049922,2,0,0,0,0,0,0,1,0,6,0,1,3.015534900850171,60643.0,81467.0
400167,School Year 2016-2017,715,0,0,0.0,0.0,0.3034965034965035,0.22097902097902097,0.0,0.0,0.6881118881118881,0.9300699300699301,0.002797202797202797,0.0013986013986013986,0.0,0.1258741258741259,0.004195804195804196,0,0,0,0,0,0,0,0,1,12,1,0,,60609.0,46096.0
610386,School Year 2016-2017,103,0,1,0.0,0.0,0.27184466019417475,0.11650485436893204,0.0,0.0,0.7184466019417476,0.9514563106796117,0.0,0.0,0.0,0.17475728155339806,0.009708737864077669,2,0,0,0,0,0,0,0,1,3,0,0,,60609.0,46096.0
610513,School Year 2016-2017,262,0,1,0.026717557251908396,0.0,0.44274809160305345,0.026717557251908396,0.0,0.0,0.40458015267175573,0.9122137404580153,0.015267175572519083,0.003816793893129771,0.0,0.13358778625954199,0.10687022900763359,2,0,0,1,0,0,0,1,1,4,0,1,2.6318888401366465,60609.0,46096.0
609735,School Year 2016-2017,239,0,1,0.0041841004184100415,0.0,0.5564853556485355,0.07531380753138076,0.012552301255230125,0.0,0.3179916317991632,0.9414225941422594,0.02092050209205021,0.0,0.0,0.3514644351464435,0.08786610878661087,1,0,0,0,0,0,0,1,1,4,0,0,3.912023005428146,60609.0,46096.0
610563,School Year 2016-2017,1059,1,0,0.05288007554296506,0.0,0.031161473087818695,0.09348441926345609,0.0,0.0009442870632672333,0.898961284230406,0.9641170915958451,0.0,0.0018885741265344666,0.0,0.07176581680830972,0.014164305949008499,3,0,0,0,1,0,0,0,1,4,0,0,,60609.0,46096.0
609682,School Year 2016-2017,218,0,1,0.0,0.0,0.39908256880733944,0.2889908256880734,0.0,0.0,0.591743119266055,0.8990825688073395,0.0,0.0,0.0,0.26605504587155965,0.009174311926605505,2,0,0,1,0,0,0,1,1,4,0,1,3.342861804649192,60609.0,46096.0
400106,School Year 2016-2017,807,0,0,0.0012391573729863693,0.0,0.9727385377942999,0.011152416356877323,0.0,0.0012391573729863693,0.01982651796778191,0.9566294919454771,0.0037174721189591076,0.0012391573729863693,0.0,0.20817843866171004,0.0,1,0,0,1,0,0,0,1,1,4,1,0,3.11794990627824,60621.0,31845.0
400086,School Year 2016-2017,271,0,1,0.0,0.0,0.996309963099631,0.0036900369003690036,0.0,0.0,0.0036900369003690036,0.8892988929889298,0.0,0.0,0.0,0.25092250922509224,0.0,1,0,0,1,0,0,0,1,1,4,1,0,3.3568971227655755,60621.0,31845.0
610506,School Year 2016-2017,94,0,1,0.0,0.0,0.9893617021276596,0.0,0.0,0.0,0.010638297872340425,0.925531914893617,0.0,0.0,0.0,0.20212765957446807,0.0,1,0,0,1,0,0,0,1,1,4,0,1,3.2619353143286474,60621.0,31845.0
609768,School Year 2016-2017,95,0,0,0.0,0.0,0.7894736842105263,0.11578947368421053,0.0,0.0,0.16842105263157894,0.9894736842105263,0.010526315789473684,0.0,0.0,0.5157894736842106,0.031578947368421054,1,1,0,1,0,0,0,0,1,4,0,0,3.353406717825807,60621.0,31845.0
610565,School Year 2016-2017,202,0,0,0.0,0.0,0.995049504950495,0.0,0.0,0.0,0.0049504950495049506,0.9554455445544554,0.0,0.0,0.0,0.20297029702970298,0.0,0,0,0,0,0,0,0,0,1,5,0,0,,60621.0,31845.0
400125,School Year 2016-2017,137,0,0,0.0,0.0,0.029197080291970802,0.25547445255474455,0.0,0.0,0.9562043795620438,0.9416058394160584,0.0,0.0072992700729927005,0.0,0.11678832116788321,0.0072992700729927005,1,1,0,0,0,0,0,0,1,4,0,1,,60641.0,69641.0
609708,School Year 2016-2017,802,0,1,0.008728179551122194,0.0,0.22443890274314215,0.2543640897755611,0.0,0.0012468827930174563,0.7369077306733167,0.9351620947630923,0.0012468827930174563,0.0024937655860349127,0.0,0.22194513715710723,0.02493765586034913,4,1,0,0,0,0,0,0,0,4,0,0,3.5496173867804286,60641.0,69641.0
609729,School Year 2016-2017,1736,0,1,0.013248847926267281,0.0,0.10195852534562212,0.1860599078341014,0.0,0.0017281105990783411,0.8150921658986175,0.9210829493087558,0.009792626728110598,0.004032258064516129,0.0,0.20852534562211983,0.05414746543778802,4,1,0,0,0,0,0,0,0,4,0,0,3.3141860046725258,60641.0,69641.0
400162,School Year 2016-2017,1018,1,0,0.011787819253438114,0.0,0.047151277013752456,0.10117878192534381,0.0009823182711198428,0.0,0.8831041257367387,0.8477406679764243,0.0068762278978389,0.0019646365422396855,0.0,0.17681728880157171,0.0481335952848723,1,1,0,0,0,0,0,0,1,6,1,1,,60641.0,69641.0
609766,School Year 2016-2017,234,0,1,0.021367521367521368,0.0,0.21367521367521367,0.3504273504273504,0.0,0.0,0.5555555555555556,0.7991452991452992,0.004273504273504274,0.0,0.0,1.0,0.20512820512820512,0,0,0,0,0,0,0,0,0,4,0,1,4.279440045898781,60641.0,69641.0
609698,School Year 2016-2017,780,0,1,0.001282051282051282,0.0,0.5038461538461538,0.09743589743589744,0.007692307692307693,0.001282051282051282,0.47692307692307695,0.9102564102564102,0.002564102564102564,0.001282051282051282,0.0,0.24871794871794872,0.005128205128205128,2,0,0,0,0,0,0,0,0,4,0,1,3.190476350346503,60652.0,74409.0
610557,School Year 2016-2017,227,0,0,0.0,0.0,0.27312775330396477,0.09691629955947137,0.0,0.0,0.6211453744493393,0.8810572687224669,0.004405286343612335,0.004405286343612335,0.0,0.11894273127753303,0.09691629955947137,0,0,0,0,0,0,0,0,0,4,0,0,4.605170185988092,60652.0,74409.0
610558,School Year 2016-2017,900,1,0,0.0022222222222222222,0.0,0.51,0.06333333333333334,0.0,0.0011111111111111111,0.4666666666666667,0.8755555555555555,0.006666666666666667,0.005555555555555556,0.0,0.17,0.0077777777777777776,1,0,0,0,0,0,0,0,1,4,0,0,,60652.0,74409.0
610564,School Year 2016-2017,722,0,0,0.036011080332409975,0.0,0.20083102493074792,0.01662049861495845,0.0,0.004155124653739612,0.5069252077562327,0.6066481994459834,0.02077562326869806,0.004155124653739612,0.0,0.13019390581717452,0.22714681440443213,3,1,0,0,0,0,0,0,0,6,0,1,,60618.0,90510.0
610524,School Year 2016-2017,319,1,0,0.01567398119122257,0.0,0.15673981191222572,0.06269592476489028,0.006269592476489028,0.006269592476489028,0.6990595611285266,0.8307210031347962,0.018808777429467086,0.003134796238244514,0.0,0.12539184952978055,0.09404388714733543,2,1,0,0,0,0,0,1,0,4,0,0,2.557227311367627,60618.0,90510.0
609720,School Year 2016-2017,4447,0,1,0.10546435799415337,0.0013492241960872497,0.07892961547110411,0.006071508882392624,0.020912975039352372,0.0026984483921744995,0.4076905779176973,0.4926917022711941,0.026534742523049246,0.00404767258826175,0.0,0.044524398470879245,0.3523723858781201,10,1,1,0,0,0,0,0,1,6,0,0,1.4109869737102607,60618.0,90510.0
610568,School Year 2016-2017,222,0,0,0.018018018018018018,0.0,0.06306306306306306,0.0990990990990991,0.0045045045045045045,0.0,0.8063063063063063,0.8918918918918919,0.009009009009009009,0.009009009009009009,0.0,0.15765765765765766,0.09009009009009009,0,0,0,0,0,0,0,0,0,4,0,0,,60618.0,90510.0
400172,School Year 2016-2017,494,0,0,0.008097165991902834,0.0,0.02631578947368421,0.29959514170040485,0.0020242914979757085,0.0,0.9311740890688259,0.9595141700404858,0.010121457489878543,0.004048582995951417,0.0,0.22267206477732793,0.018218623481781375,2,1,0,0,0,0,0,0,1,2,1,0,,60618.0,90510.0
610402,School Year 2016-2017,193,1,0,0.07253886010362694,0.0,0.33678756476683935,0.0051813471502590676,0.0,0.0,0.46113989637305697,0.7409326424870466,0.025906735751295335,0.010362694300518135,0.0,0.02072538860103627,0.09326424870466321,2,0,0,0,0,0,0,0,0,2,0,1,,60618.0,90510.0
400013,School Year 2016-2017,378,1,0,0.007936507936507936,0.0,0.031746031746031744,0.2724867724867725,0.018518518518518517,0.0,0.9259259259259259,0.9470899470899471,0.0026455026455026454,0.0,0.0,0.25132275132275134,0.013227513227513227,2,1,0,0,0,0,0,0,1,4,1,0,3.46885603013597,60618.0,90510.0
400176,School Year 2016-2017,123,0,0,0.0,0.0,0.9186991869918699,0.016260162601626018,0.0,0.0,0.06504065040650407,0.9512195121951219,0.016260162601626018,0.0,0.0,0.2682926829268293,0.0,1,0,0,0,0,0,0,0,1,5,0,1,,60629.0,52791.0
609694,School Year 2016-2017,972,1,0,0.00720164609053498,0.0,0.01646090534979424,0.01646090534979424,0.0,0.0,0.9393004115226338,0.8796296296296297,0.00205761316872428,0.009259259259259259,0.0,0.03292181069958848,0.0257201646090535,3,0,0,0,1,0,0,0,0,4,0,0,2.734367509419584,60629.0,52791.0
609741,School Year 2016-2017,1778,0,0,0.0022497187851518562,0.0,0.06749156355455568,0.14341957255343082,0.0,0.0,0.905511811023622,0.9437570303712036,0.001687289088863892,0.00281214848143982,0.0,0.14679415073115862,0.020247469066366704,1,0,0,0,1,0,0,0,1,4,0,1,2.839078463508614,60629.0,52791.0
400115,School Year 2016-2017,1065,0,0,0.0018779342723004694,0.0,0.4422535211267606,0.18403755868544602,0.0009389671361502347,0.0009389671361502347,0.5305164319248826,0.9342723004694836,0.006572769953051643,0.0028169014084507044,0.0,0.14553990610328638,0.014084507042253521,1,0,0,0,0,0,0,0,1,13,1,1,,60629.0,52791.0
609709,School Year 2016-2017,330,0,0,0.0,0.0,0.3878787878787879,0.22727272727272727,0.0,0.0,0.6060606060606061,0.9545454545454546,0.0,0.0030303030303030303,0.0,0.2,0.0030303030303030303,2,0,0,1,0,0,0,0,0,4,0,1,3.4436180975461075,60629.0,52791.0
609728,School Year 2016-2017,1094,0,1,0.0740402193784278,0.0,0.14716636197440586,0.2851919561243144,0.0,0.009140767824497258,0.6901279707495429,0.9323583180987203,0.009140767824497258,0.012797074954296161,0.0,0.19287020109689215,0.05758683729433273,2,0,1,0,0,0,0,0,1,6,0,0,3.499533282383017,60625.0,81063.0
609737,School Year 2016-2017,1735,0,1,0.12795389048991354,0.0,0.1106628242074928,0.02363112391930836,0.0,0.001729106628242075,0.5729106628242074,0.7481268011527378,0.019020172910662825,0.005763688760806916,0.0,0.05994236311239193,0.16195965417867436,3,0,1,0,0,0,0,0,0,4,0,1,2.415913778301049,60625.0,81063.0
609749,School Year 2016-2017,1062,1,0,0.1967984934086629,0.002824858757062147,0.07344632768361582,0.006591337099811676,0.08662900188323917,0.0018832391713747645,0.2975517890772128,0.4425612052730697,0.04331450094161959,0.004708097928436911,0.0,0.05743879472693032,0.2928436911487759,5,0,0,0,0,0,0,0,0,4,0,1,0.7884573603642715,60625.0,81063.0
609695,School Year 2016-2017,1223,1,0,0.13327882256745707,0.0,0.11937857726901063,0.08503679476696648,0.0,0.007358953393295176,0.5952575633687653,0.8143908421913328,0.02125919869174162,0.0024529844644317253,0.0,0.1373671300081766,0.12101390024529844,2,0,1,0,0,0,0,0,1,4,0,1,2.8449093838194077,60625.0,81063.0
400066,School Year 2016-2017,445,0,1,0.0,0.0,0.9662921348314607,0.008988764044943821,0.0,0.0,0.029213483146067417,0.898876404494382,0.0022471910112359553,0.0,0.0,0.20224719101123595,0.0022471910112359553,1,0,0,1,0,0,0,0,1,7,1,0,3.0864866368224555,60653.0,46924.0
609754,School Year 2016-2017,313,1,0,0.003194888178913738,0.0,0.645367412140575,0.054313099041533544,0.0,0.0,0.3258785942492013,0.9424920127795527,0.009584664536741214,0.0,0.0,0.10223642172523961,0.01597444089456869,1,0,0,1,0,0,0,1,1,4,0,0,2.6810215287142904,60653.0,46924.0
609727,School Year 2016-2017,639,0,1,0.0,0.0,0.9827856025039123,0.006259780907668232,0.003129890453834116,0.001564945226917058,0.012519561815336464,0.9483568075117371,0.0,0.0,0.0,0.23161189358372458,0.0,1,0,0,1,0,0,0,1,1,4,0,0,3.7400477406883357,60653.0,46924.0
400137,School Year 2016-2017,116,0,0,0.0,0.0,0.9655172413793104,0.0,0.008620689655172414,0.0,0.008620689655172414,0.8448275862068966,0.017241379310344827,0.0,0.0,0.23275862068965517,0.0,1,0,0,0,0,0,0,1,0,4,0,1,,60653.0,46924.0
609751,School Year 2016-2017,598,0,1,0.010033444816053512,0.0,0.939799331103679,0.02508361204013378,0.0,0.0,0.038461538461538464,0.822742474916388,0.010033444816053512,0.0,0.0,0.09197324414715718,0.0016722408026755853,2,0,0,0,0,0,0,1,0,4,0,0,2.360854001118021,60653.0,46924.0
400133,School Year 2016-2017,362,0,0,0.0027624309392265192,0.0,0.8922651933701657,0.013812154696132596,0.0,0.0,0.08287292817679558,0.9337016574585635,0.0055248618784530384,0.0027624309392265192,0.0,0.18232044198895028,0.013812154696132596,0,0,0,1,1,0,0,1,1,4,0,1,,60602.0,101869.0
400098,School Year 2016-2017,964,0,1,0.03941908713692946,0.0,0.27282157676348545,0.06846473029045644,0.005186721991701245,0.0,0.6701244813278008,0.8340248962655602,0.004149377593360996,0.002074688796680498,0.0,0.11410788381742738,0.006224066390041493,1,1,1,1,1,1,1,1,1,4,1,1,2.610069792742006,60602.0,101869.0
609733,School Year 2016-2017,714,0,0,0.16526610644257703,0.0,0.41456582633053224,0.4061624649859944,0.0056022408963585435,0.0028011204481792717,0.3403361344537815,0.8977591036414566,0.011204481792717087,0.0014005602240896359,0.0,0.22549019607843138,0.058823529411764705,3,0,0,0,0,0,0,1,1,4,0,0,3.58351893845611,60626.0,53970.0
400035,School Year 2016-2017,584,1,0,0.09246575342465753,0.0017123287671232876,0.3082191780821918,0.1404109589041096,0.0,0.0,0.5428082191780822,0.9126712328767124,0.015410958904109588,0.005136986301369863,0.0,0.0976027397260274,0.03424657534246575,2,0,0,0,0,0,0,0,1,7,1,0,2.6946271807700692,60626.0,53970.0
609740,School Year 2016-2017,370,0,0,0.0,0.0,0.5135135135135135,0.10810810810810811,0.0,0.0,0.44054054054054054,0.9054054054054054,0.010810810810810811,0.002702702702702703,0.0,0.2594594594594595,0.032432432432432434,1,1,0,1,0,0,0,0,0,4,0,1,3.6136169696133895,60622.0,111615.0
609759,School Year 2016-2017,753,1,0,0.00398406374501992,0.0,0.300132802124834,0.09163346613545817,0.0026560424966799467,0.0013280212483399733,0.6719787516600265,0.9442231075697212,0.0026560424966799467,0.005312084993359893,0.0,0.24435590969455512,0.01195219123505976,2,1,0,0,0,0,0,1,1,4,0,0,2.803360380906535,60622.0,111615.0
610580,School Year 2016-2017,155,0,0,0.0,0.0,0.3419354838709677,0.1032258064516129,0.0,0.0,0.6064516129032258,0.9612903225806452,0.0064516129032258064,0.0,0.0,0.2129032258064516,0.04516129032258064,0,0,0,0,0,0,0,0,0,4,0,1,,60622.0,111615.0
400022,School Year 2016-2017,621,0,1,0.024154589371980676,0.0,0.3832528180354267,0.008051529790660225,0.043478260869565216,0.00322061191626409,0.3252818035426731,0.534621578099839,0.027375201288244767,0.001610305958132045,0.0,0.061191626409017714,0.19162640901771336,2,1,0,0,0,0,0,1,0,4,0,0,2.939161922065597,60622.0,111615.0
400131,School Year 2016-2017,164,0,0,0.0,0.0,0.18292682926829268,0.07926829268292683,0.0,0.0,0.7682926829268293,0.9207317073170732,0.006097560975609756,0.006097560975609756,0.0,0.2682926829268293,0.036585365853658534,0,1,0,0,0,0,0,0,1,4,0,1,,60622.0,111615.0
609730,School Year 2016-2017,1437,0,1,0.17397355601948503,0.0006958942240779402,0.25608907446068196,0.17188587334725122,0.0020876826722338203,0.006263048016701462,0.42240779401530965,0.8037578288100209,0.020876826722338204,0.0041753653444676405,0.0,0.13987473903966596,0.11343075852470424,3,0,0,0,0,0,0,1,1,4,0,1,2.928523523860541,60660.0,63486.0
610390,School Year 2016-2017,556,0,1,0.05575539568345324,0.0,0.09352517985611511,0.052158273381294966,0.00539568345323741,0.0,0.7446043165467626,0.8884892086330936,0.014388489208633094,0.0035971223021582736,0.0,0.10431654676258993,0.08273381294964029,2,0,0,0,0,0,0,1,1,4,0,0,2.5176964726109916,60660.0,63486.0
610389,School Year 2016-2017,276,0,1,0.0,0.0,0.8260869565217391,0.050724637681159424,0.0,0.0,0.17028985507246377,0.9528985507246377,0.0,0.0,0.0,0.21014492753623187,0.0036231884057971015,1,0,0,0,0,0,0,0,1,4,0,1,4.110873864173311,60624.0,35831.0
609723,School Year 2016-2017,343,0,0,0.0,0.0,0.9795918367346939,0.0,0.0,0.0,0.014577259475218658,0.9766763848396501,0.0058309037900874635,0.0,0.0,0.27113702623906705,0.0,1,0,0,0,0,0,0,0,1,4,0,1,3.744787086052232,60624.0,35831.0
610334,School Year 2016-2017,379,0,1,0.002638522427440633,0.0,0.9313984168865436,0.026385224274406333,0.0,0.002638522427440633,0.05804749340369393,0.9868073878627969,0.0,0.0,0.0,0.2638522427440633,0.005277044854881266,1,0,0,1,0,0,0,0,1,4,0,1,3.280911215787653,60624.0,35831.0
610566,School Year 2016-2017,139,0,0,0.0,0.0,0.9064748201438849,0.007194244604316547,0.0,0.0,0.07913669064748201,0.9424460431654677,0.014388489208633094,0.0,0.0,0.22302158273381295,0.0,0,0,0,0,0,0,0,0,0,4,0,0,,60624.0,35831.0
400118,School Year 2016-2017,517,0,0,0.0,0.0,0.9516441005802708,0.009671179883945842,0.0,0.0,0.04061895551257253,0.9497098646034816,0.0038684719535783366,0.0,0.0,0.27852998065764023,0.0038684719535783366,0,1,0,0,0,0,0,0,1,4,1,0,,60624.0,35831.0
609693,School Year 2016-2017,1199,1,0,0.040033361134278564,0.0,0.5379482902418682,0.014178482068390326,0.0025020850708924102,0.0,0.3894912427022519,0.8181818181818182,0.008340283569641367,0.0008340283569641367,0.0,0.06922435362802336,0.020850708924103418,3,0,0,1,0,0,0,0,0,4,0,0,0.8754687373539023,60624.0,35831.0
400119,School Year 2016-2017,305,1,0,0.0,0.0,0.9934426229508196,0.0,0.0,0.0,0.0,0.9606557377049181,0.0,0.006557377049180328,0.0,0.22950819672131148,0.0,1,0,0,1,0,0,0,0,1,4,1,0,,60624.0,35831.0
609718,School Year 2016-2017,1686,1,0,0.005931198102016607,0.0,0.03855278766310795,0.0634638196915777,0.0005931198102016608,0.0011862396204033216,0.7295373665480427,0.736061684460261,0.005338078291814947,0.010676156583629894,0.0,0.1749703440094899,0.20818505338078291,2,0,0,0,1,0,0,0,0,4,0,0,3.4404180948154366,60638.0,75639.0
610391,School Year 2016-2017,1331,0,1,0.009767092411720512,0.0,0.7069872276483846,0.014274981217129978,0.003756574004507889,0.0,0.24417731029301276,0.6626596543951916,0.007513148009015778,0.002253944402704733,0.0,0.054094665664913597,0.025544703230653644,2,0,0,1,0,0,0,0,0,6,0,0,2.3795461341301736,60636.0,39577.0
609745,School Year 2016-2017,269,1,0,0.0,0.0,0.6728624535315985,0.10037174721189591,0.0,0.0,0.2788104089219331,0.9107806691449815,0.0,0.0,0.0,1.0,0.048327137546468404,0,0,0,0,0,0,0,0,1,2,0,0,,60636.0,39577.0
610570,School Year 2016-2017,474,0,0,0.0,0.0,0.4831223628691983,0.08016877637130802,0.0,0.0,0.4978902953586498,0.9240506329113924,0.006329113924050633,0.002109704641350211,0.0,0.16455696202531644,0.010548523206751054,0,0,0,1,1,0,0,0,1,4,0,0,,60636.0,39577.0
609711,School Year 2016-2017,136,0,1,0.0,0.0,0.9558823529411765,0.029411764705882353,0.0,0.0,0.03676470588235294,0.9926470588235294,0.007352941176470588,0.0,0.0,0.29411764705882354,0.0,1,1,0,0,0,0,0,0,1,4,0,1,3.634951112088381,60636.0,39577.0
609753,School Year 2016-2017,723,0,1,0.0027662517289073307,0.0,0.4107883817427386,0.011065006915629323,0.004149377593360996,0.004149377593360996,0.18118948824343015,0.44951590594744123,0.017980636237897647,0.009681881051175657,0.0,0.1825726141078838,0.36929460580912865,2,0,0,0,0,0,0,0,0,4,0,0,3.2308043957334744,60655.0,102480.0
609760,School Year 2016-2017,479,0,1,0.0,0.0,0.40083507306889354,0.037578288100208766,0.0,0.0,0.5866388308977035,0.9248434237995825,0.0041753653444676405,0.0020876826722338203,0.0,0.054279749478079335,0.006263048016701462,2,0,0,0,0,0,0,1,1,4,0,0,2.1972245773362196,60627.0,70618.0
609680,School Year 2016-2017,1072,1,0,0.1791044776119403,0.0,0.11007462686567164,0.007462686567164179,0.0,0.0065298507462686565,0.21921641791044777,0.32276119402985076,0.04757462686567164,0.0037313432835820895,0.0,0.04477611940298507,0.4337686567164179,5,0,1,0,0,0,0,1,0,4,0,0,1.5475625087160134,60610.0,126807.0
400113,School Year 2016-2017,262,0,0,0.007633587786259542,0.0,0.8664122137404581,0.030534351145038167,0.0,0.0,0.10305343511450382,0.9389312977099237,0.007633587786259542,0.0,0.0,0.24045801526717558,0.015267175572519083,0,1,0,0,0,0,0,1,0,4,1,1,,60610.0,126807.0
400170,School Year 2016-2017,506,0,0,0.025691699604743084,0.0,0.4644268774703557,0.05731225296442688,0.011857707509881422,0.0,0.44664031620553357,0.8181818181818182,0.011857707509881422,0.009881422924901186,0.0,0.14624505928853754,0.029644268774703556,1,0,1,0,0,0,1,1,1,4,1,1,,60610.0,126807.0
609678,School Year 2016-2017,1866,0,1,0.1302250803858521,0.0005359056806002144,0.13879957127545553,0.009110396570203644,0.03965702036441586,0.007502679528403001,0.2834941050375134,0.39228295819935693,0.03804930332261522,0.003215434083601286,0.0,0.06752411575562701,0.35852090032154343,3,1,1,0,0,1,0,1,0,4,0,0,2.104134154270208,60605.0,141228.0
609719,School Year 2016-2017,1387,0,1,0.03749098774333093,0.0,0.09156452775775054,0.07354001441961067,0.0,0.002883922134102379,0.7065609228550829,0.8089401586157173,0.020187454938716654,0.007209805335255948,0.0,0.1658255227108868,0.13410237923576063,3,1,1,1,1,1,1,1,0,4,0,0,2.1747517214841605,60613.0,105717.0
400124,School Year 2017-2018,153,0,0,0.0,0.0,0.9738562091503268,0.006535947712418301,0.0,0.0,0.0196078431372549,0.6339869281045751,0.0,0.0,0.0,0.24183006535947713,0.006535947712418301,0,0,0,1,0,0,0,0,0,4,0,1,,60616.0,66098.0
400134,School Year 2017-2018,194,0,0,0.0,0.0,0.25257731958762886,0.061855670103092786,0.0,0.0,0.711340206185567,0.30412371134020616,0.0,0.0,0.0,0.21649484536082475,0.03608247422680412,0,0,0,0,1,0,0,0,1,4,0,1,,60616.0,66098.0
400064,School Year 2017-2018,381,1,0,0.007874015748031496,0.0,0.9081364829396326,0.013123359580052493,0.005249343832020997,0.005249343832020997,0.06036745406824147,0.7559055118110236,0.010498687664041995,0.0,0.0,0.1942257217847769,0.0026246719160104987,1,0,0,1,0,0,0,1,1,7,1,1,1.7047480922384253,60616.0,66098.0
400105,School Year 2017-2018,337,0,0,0.0,0.0,0.9792284866468842,0.0,0.0,0.0,0.011869436201780416,0.6350148367952523,0.005934718100890208,0.002967359050445104,0.0,0.24629080118694363,0.0,2,0,0,1,0,0,0,1,1,4,1,0,2.827313621929028,60616.0,66098.0
609676,School Year 2017-2018,322,0,1,0.0,0.0,0.953416149068323,0.024844720496894408,0.0,0.0,0.040372670807453416,0.7080745341614907,0.0,0.0,0.0,0.30124223602484473,0.006211180124223602,2,0,0,0,0,0,0,0,0,4,0,0,3.624340932976365,60616.0,66098.0
400145,School Year 2017-2018,194,0,0,0.0,0.0,0.9536082474226805,0.010309278350515464,0.0,0.0,0.03608247422680412,0.6597938144329897,0.005154639175257732,0.0,0.0,0.25773195876288657,0.005154639175257732,0,0,0,1,0,0,0,1,1,4,0,1,,60616.0,66098.0
400087,School Year 2017-2018,160,0,1,0.0,0.0,0.93125,0.0,0.0125,0.0,0.0375,0.6,0.0125,0.0,0.0,0.2875,0.00625,1,0,0,0,0,0,0,1,1,4,1,1,3.478158422798284,60616.0,66098.0
609769,School Year 2017-2018,113,1,0,0.05309734513274336,0.0,0.46017699115044247,0.3185840707964602,0.0,0.0,0.4424778761061947,0.7256637168141593,0.008849557522123894,0.0,0.0,1.0,0.035398230088495575,1,0,0,1,0,0,0,1,1,4,0,0,,60616.0,66098.0
609764,School Year 2017-2018,1706,0,1,0.005861664712778429,0.0,0.031066822977725676,0.20105509964830012,0.0076201641266119575,0.0,0.9425556858147714,0.6260257913247362,0.0035169988276670576,0.0035169988276670576,0.0,0.1623681125439625,0.005861664712778429,2,1,0,0,0,1,0,1,0,4,0,0,3.063390922027806,60608.0,57770.0
400104,School Year 2017-2018,745,0,0,0.0,0.0,0.01879194630872483,0.2859060402684564,0.0013422818791946308,0.0,0.974496644295302,0.9302013422818792,0.0,0.0026845637583892616,0.0,0.1959731543624161,0.0026845637583892616,1,1,0,0,1,1,0,0,1,4,1,1,2.70805020110221,60608.0,57770.0
609748,School Year 2017-2018,184,0,0,0.0,0.0,0.7771739130434783,0.02717391304347826,0.0,0.0,0.1956521739130435,0.967391304347826,0.010869565217391304,0.010869565217391304,0.0,0.2717391304347826,0.005434782608695652,0,0,0,0,0,0,0,0,0,4,0,1,4.581901559048737,60608.0,57770.0
400057,School Year 2017-2018,931,0,1,0.031149301825993556,0.0,0.3029001074113856,0.1041890440386681,0.00322234156820623,0.0010741138560687433,0.6423200859291085,0.8399570354457573,0.004296455424274973,0.00322234156820623,0.0,0.14178302900107412,0.011815252416756176,2,1,0,0,0,1,0,0,1,4,1,1,2.0281482472922847,60608.0,57770.0
400135,School Year 2017-2018,197,0,0,0.005076142131979695,0.0,0.1218274111675127,0.14720812182741116,0.0,0.0,0.868020304568528,0.4467005076142132,0.0,0.005076142131979695,0.0,0.18274111675126903,0.0,1,1,0,0,0,1,0,0,1,4,0,0,,60608.0,57770.0
400164,School Year 2017-2018,89,0,0,0.0,0.0,0.0,0.23595505617977527,0.0,0.0,0.9775280898876404,0.9550561797752809,0.0,0.011235955056179775,0.0,0.14606741573033707,0.011235955056179775,1,1,0,0,1,1,0,1,0,4,0,1,,60608.0,57770.0
609750,School Year 2017-2018,34,0,0,0.0,0.0,0.7352941176470589,0.08823529411764706,0.0,0.0,0.2647058823529412,0.7352941176470589,0.0,0.0,0.0,0.08823529411764706,0.0,1,0,0,0,0,1,0,0,0,7,0,1,4.3425058765115985,60608.0,57770.0
400102,School Year 2017-2018,176,0,1,0.0,0.0,0.9602272727272727,0.0,0.0,0.0,0.022727272727272728,0.5113636363636364,0.011363636363636364,0.005681818181818182,0.0,0.29545454545454547,0.0,1,1,0,0,0,0,0,0,1,4,1,0,3.754198920234579,60608.0,57770.0
400091,School Year 2017-2018,269,1,0,0.007434944237918215,0.0,0.8066914498141264,0.01486988847583643,0.0,0.0,0.15985130111524162,0.6765799256505576,0.0037174721189591076,0.0,0.0,0.25650557620817843,0.022304832713754646,1,1,0,0,0,1,0,1,1,4,0,1,3.1354942159291497,60608.0,57770.0
400054,School Year 2017-2018,975,0,1,0.0,0.0,0.036923076923076927,0.13743589743589743,0.0,0.0,0.9466666666666667,0.9538461538461539,0.0020512820512820513,0.005128205128205128,0.0,0.1076923076923077,0.009230769230769232,2,1,1,0,0,0,0,0,1,4,1,1,2.1633230256605382,60639.0,54396.0
400169,School Year 2017-2018,1086,0,0,0.001841620626151013,0.0,0.13075506445672191,0.11694290976058933,0.0009208103130755065,0.0009208103130755065,0.8462246777163904,0.8747697974217311,0.0027624309392265192,0.001841620626151013,0.0,0.16574585635359115,0.014732965009208104,2,0,0,1,0,0,0,0,1,4,1,0,,60639.0,54396.0
609691,School Year 2017-2018,992,1,0,0.0030241935483870967,0.0,0.17137096774193547,0.2469758064516129,0.0,0.0,0.8094758064516129,0.748991935483871,0.0030241935483870967,0.004032258064516129,0.0,0.21169354838709678,0.009072580645161291,2,0,0,0,0,0,0,0,0,4,0,1,3.0301337002713233,60639.0,54396.0
609716,School Year 2017-2018,405,1,0,0.0,0.0,0.05925925925925926,0.3135802469135803,0.0024691358024691358,0.0024691358024691358,0.9061728395061729,0.6691358024691358,0.0024691358024691358,0.0024691358024691358,0.0,0.21975308641975308,0.024691358024691357,1,1,0,0,0,0,0,0,1,6,0,1,3.535145354171894,60639.0,54396.0
609679,School Year 2017-2018,1329,0,1,0.003762227238525207,0.0,0.1926260346124906,0.060948081264108354,0.0,0.0007524454477050414,0.7772761474793077,0.6930022573363431,0.0015048908954100827,0.004514672686230248,0.0,0.13017306245297217,0.019563581640331076,4,0,0,0,0,0,0,0,0,4,0,0,2.5176964726109916,60639.0,54396.0
609726,School Year 2017-2018,989,1,0,0.0020222446916076846,0.0,0.7927199191102123,0.0010111223458038423,0.011122345803842264,0.0020222446916076846,0.17997977755308392,0.6147623862487361,0.004044489383215369,0.0010111223458038423,0.0,0.05358948432760364,0.007077856420626896,2,0,0,0,1,0,0,0,0,6,0,1,2.2617630984737898,60628.0,52448.0
400156,School Year 2017-2018,674,0,0,0.0,0.0,0.9465875370919882,0.020771513353115726,0.001483679525222552,0.001483679525222552,0.040059347181008904,0.8857566765578635,0.00741839762611276,0.0,0.0,0.2032640949554896,0.002967359050445104,0,0,0,0,0,0,0,1,1,4,1,0,,60628.0,52448.0
400136,School Year 2017-2018,85,0,0,0.0,0.0,0.8470588235294118,0.023529411764705882,0.023529411764705882,0.0,0.12941176470588237,0.4823529411764706,0.0,0.0,0.0,0.1411764705882353,0.0,0,0,0,0,0,0,0,1,1,4,0,0,,60628.0,52448.0
609705,School Year 2017-2018,208,1,0,0.0,0.0,0.9663461538461539,0.004807692307692308,0.0,0.004807692307692308,0.019230769230769232,0.8365384615384616,0.009615384615384616,0.0,0.0,0.17307692307692307,0.0,1,1,1,0,0,0,0,0,1,4,0,0,3.744787086052232,60628.0,52448.0
609761,School Year 2017-2018,275,1,0,0.0,0.0,0.9745454545454545,0.007272727272727273,0.0,0.0,0.014545454545454545,0.7527272727272727,0.0036363636363636364,0.007272727272727273,0.0,0.29818181818181816,0.0,1,0,0,0,0,0,0,1,1,4,0,0,3.5751506887855933,60628.0,52448.0
400161,School Year 2017-2018,380,0,0,0.0,0.0,0.9815789473684211,0.0,0.0,0.0,0.013157894736842105,0.6236842105263158,0.005263157894736842,0.0,0.0,0.17894736842105263,0.0,0,0,0,0,0,0,0,0,1,6,1,1,,60628.0,52448.0
609710,School Year 2017-2018,329,0,1,0.0,0.0,0.9756838905775076,0.0,0.0,0.0,0.0182370820668693,0.9300911854103343,0.00303951367781155,0.0,0.0,0.2188449848024316,0.00303951367781155,1,0,0,0,0,0,0,1,0,6,0,1,3.751854253275325,60628.0,52448.0
400094,School Year 2017-2018,543,0,1,0.0,0.0,0.6261510128913443,0.141804788213628,0.001841620626151013,0.0,0.3572744014732965,0.6556169429097606,0.007366482504604052,0.0,0.0,0.21915285451197053,0.007366482504604052,1,0,0,0,0,0,0,0,1,4,1,1,3.246490991901174,60617.0,51429.0
609739,School Year 2017-2018,1440,0,1,0.0020833333333333333,0.0,0.049305555555555554,0.14444444444444443,0.0,0.0,0.8840277777777777,0.7013888888888888,0.00625,0.010416666666666666,0.0,0.1527777777777778,0.04791666666666667,1,0,0,0,0,0,0,0,1,4,0,0,2.9231615807191553,60617.0,51429.0
400157,School Year 2017-2018,228,0,0,0.0043859649122807015,0.0,0.7982456140350878,0.09649122807017543,0.0,0.0043859649122807015,0.16666666666666666,0.9473684210526315,0.0043859649122807015,0.0043859649122807015,0.0,0.25,0.017543859649122806,2,0,0,0,0,0,0,1,1,4,1,1,,60617.0,51429.0
609674,School Year 2017-2018,888,0,1,0.0011261261261261261,0.0,0.9684684684684685,0.016891891891891893,0.0,0.0,0.02252252252252252,0.7556306306306306,0.0033783783783783786,0.0011261261261261261,0.0,0.2533783783783784,0.0033783783783783786,1,0,0,0,0,0,0,0,1,4,0,0,3.1441522786722644,60617.0,51429.0
610323,School Year 2017-2018,253,0,1,0.0,0.0,0.7984189723320159,0.09486166007905138,0.0,0.007905138339920948,0.18181818181818182,0.6363636363636364,0.007905138339920948,0.0,0.0,0.2964426877470356,0.003952569169960474,2,0,0,0,0,0,0,0,1,4,0,1,3.6402142821326553,60617.0,51429.0
400139,School Year 2017-2018,326,0,0,0.0,0.0,0.9570552147239264,0.0,0.0,0.0,0.03987730061349693,0.5122699386503068,0.003067484662576687,0.0,0.0,0.18404907975460122,0.0,0,0,0,0,0,0,0,0,0,4,0,0,,60617.0,51429.0
400175,School Year 2017-2018,226,0,0,0.0,0.0,0.8539823008849557,0.030973451327433628,0.004424778761061947,0.0,0.13274336283185842,0.4778761061946903,0.0,0.0,0.0,0.2743362831858407,0.008849557522123894,0,0,0,1,0,0,0,1,1,4,0,1,,60649.0,43822.0
610547,School Year 2017-2018,655,0,0,0.0,0.0,0.966412213740458,0.00916030534351145,0.0,0.0,0.024427480916030534,0.7740458015267175,0.007633587786259542,0.0,0.0,0.0900763358778626,0.0015267175572519084,2,0,0,0,0,0,0,1,1,4,0,1,2.6026896854443837,60649.0,43822.0
610573,School Year 2017-2018,7,0,0,0.0,0.0,0.5714285714285714,0.14285714285714285,0.0,0.0,0.42857142857142855,1.0,0.0,0.0,0.0,0.5714285714285714,0.0,0,0,0,0,0,0,0,0,0,4,0,1,,60649.0,43822.0
609755,School Year 2017-2018,2211,0,1,0.16689280868385345,0.0009045680687471732,0.20443238353686116,0.011307100859339666,0.0067842605156037995,0.006331976481230212,0.2908186341022162,0.3681592039800995,0.040253279059249206,0.0027137042062415195,0.0,0.06693803708729082,0.2808683853459973,8,1,0,0,0,0,0,0,0,6,0,1,1.3609765531356022,60607.0,120419.0
400036,School Year 2017-2018,671,1,0,0.06557377049180328,0.0014903129657228018,0.5842026825633383,0.07600596125186289,0.013412816691505217,0.0029806259314456036,0.19970193740685543,0.5991058122205664,0.02384500745156483,0.0014903129657228018,0.0,0.14008941877794337,0.10730253353204174,6,1,0,1,0,0,0,0,0,13,1,0,3.6888794541139363,60607.0,120419.0
609756,School Year 2017-2018,2912,0,1,0.016483516483516484,0.0,0.12809065934065933,0.13221153846153846,0.0,0.00034340659340659343,0.8279532967032966,0.7706043956043956,0.003434065934065934,0.003434065934065934,0.0,0.11366758241758242,0.020260989010989012,4,1,0,0,1,0,0,1,0,4,0,1,3.058707072715379,60632.0,55174.0
400173,School Year 2017-2018,341,0,0,0.002932551319648094,0.0,0.03225806451612903,0.18181818181818182,0.0,0.0,0.9032258064516129,0.5366568914956011,0.002932551319648094,0.002932551319648094,0.0,0.13196480938416422,0.05571847507331378,0,0,0,0,0,0,0,0,0,4,0,0,,60632.0,55174.0
400085,School Year 2017-2018,625,0,0,0.0032,0.0,0.0096,0.2416,0.0016,0.0,0.9648,0.5104,0.0,0.0032,0.0,0.1552,0.0176,2,0,0,0,1,0,0,0,1,4,1,1,2.3795461341301736,60632.0,55174.0
609715,School Year 2017-2018,1901,1,0,0.1315097317201473,0.0010520778537611783,0.039978958442924775,0.280378748027354,0.01209889531825355,0.0010520778537611783,0.7901104681746449,0.7980010520778538,0.004208311415044713,0.0021041557075223566,0.0,0.17832719621251972,0.01788532351394003,2,0,0,0,1,0,0,0,0,4,0,0,3.034952986707272,60632.0,55174.0
400149,School Year 2017-2018,540,0,0,0.0,0.0,0.014814814814814815,0.32037037037037036,0.0,0.0,0.9833333333333333,0.6111111111111112,0.0,0.0,0.0,0.15185185185185185,0.001851851851851852,2,0,0,0,1,0,0,0,1,4,1,1,,60632.0,55174.0
610543,School Year 2017-2018,1196,1,0,0.0,0.0,0.04180602006688963,0.13043478260869565,0.0,0.0,0.9431438127090301,0.7566889632107023,0.0016722408026755853,0.005852842809364548,0.0,0.11036789297658862,0.007525083612040134,2,0,0,0,1,0,0,0,1,4,0,0,2.850706501503733,60632.0,55174.0
400179,School Year 2017-2018,796,0,0,0.016331658291457288,0.0,0.01256281407035176,0.24748743718592964,0.0,0.001256281407035176,0.957286432160804,0.8994974874371859,0.0,0.001256281407035176,0.0,0.17587939698492464,0.011306532663316583,2,0,0,0,1,0,0,0,1,2,1,0,,60632.0,55174.0
610518,School Year 2017-2018,214,0,1,0.0,0.0,0.9719626168224299,0.004672897196261682,0.0,0.0,0.014018691588785047,0.7476635514018691,0.004672897196261682,0.004672897196261682,0.0,0.3130841121495327,0.004672897196261682,1,0,0,1,0,0,0,0,0,4,0,1,3.122364924487357,60644.0,41174.0
400123,School Year 2017-2018,172,0,0,0.0,0.0,0.9593023255813954,0.005813953488372093,0.0,0.0,0.03488372093023256,0.4476744186046512,0.0,0.005813953488372093,0.0,0.19186046511627908,0.0,0,0,0,1,0,0,0,0,1,4,0,1,,60644.0,41174.0
610245,School Year 2017-2018,63,0,1,0.0,0.0,0.9523809523809523,0.015873015873015872,0.0,0.0,0.047619047619047616,0.6984126984126984,0.0,0.0,0.0,0.23809523809523808,0.0,1,0,0,1,0,0,0,0,1,4,0,0,3.66612246699132,60644.0,41174.0
610244,School Year 2017-2018,522,1,0,0.0,0.0,0.9674329501915708,0.01532567049808429,0.0,0.0,0.03065134099616858,0.710727969348659,0.0,0.0019157088122605363,0.0,0.14559386973180077,0.0,1,1,0,1,0,0,0,0,1,4,0,0,2.8848007128467095,60644.0,41174.0
400077,School Year 2017-2018,623,0,1,0.0,0.0,0.9759229534510433,0.0016051364365971107,0.008025682182985553,0.0,0.011235955056179775,0.5906902086677368,0.0032102728731942215,0.0016051364365971107,0.0,0.14606741573033707,0.0,0,0,0,1,0,0,0,0,1,7,1,1,3.2921262866077936,60637.0,55880.0
609713,School Year 2017-2018,760,1,0,0.0,0.0,0.9868421052631579,0.010526315789473684,0.0,0.0,0.007894736842105263,0.7171052631578947,0.003947368421052632,0.0013157894736842105,0.0,0.19736842105263158,0.0,2,0,0,1,0,0,0,1,1,4,0,0,3.7612001156935624,60637.0,55880.0
400129,School Year 2017-2018,179,0,0,0.0,0.0,0.9832402234636871,0.00558659217877095,0.0,0.0,0.01675977653631285,0.3854748603351955,0.0,0.0,0.0,0.24022346368715083,0.0,0,0,0,1,0,0,0,0,1,4,0,1,,60637.0,55880.0
400056,School Year 2017-2018,404,1,0,0.0,0.0,0.7871287128712872,0.05198019801980198,0.009900990099009901,0.0,0.18564356435643564,0.948019801980198,0.007425742574257425,0.007425742574257425,0.0,0.2599009900990099,0.0024752475247524753,2,1,1,1,0,0,0,0,1,4,1,1,3.063390922027806,60651.0,49663.0
400127,School Year 2017-2018,108,0,0,0.0,0.0,0.9907407407407407,0.0,0.0,0.0,0.009259259259259259,0.39814814814814814,0.0,0.0,0.0,0.18518518518518517,0.0,0,0,0,1,0,0,0,1,0,4,0,1,,60651.0,49663.0
400144,School Year 2017-2018,154,0,0,0.0,0.0,0.6753246753246753,0.05194805194805195,0.0,0.0,0.3116883116883117,0.44805194805194803,0.0,0.0,0.0,0.21428571428571427,0.012987012987012988,0,1,0,1,0,0,0,0,1,4,0,0,,60651.0,49663.0
400126,School Year 2017-2018,119,0,0,0.0,0.0,0.25210084033613445,0.12605042016806722,0.0,0.0,0.7226890756302521,0.907563025210084,0.008403361344537815,0.0,0.0,0.3025210084033613,0.01680672268907563,0,1,0,0,0,0,0,0,0,4,0,0,,60651.0,49663.0
610394,School Year 2017-2018,159,0,1,0.06289308176100629,0.0,0.7358490566037735,0.11949685534591195,0.0,0.0,0.15723270440251572,0.8113207547169812,0.012578616352201259,0.006289308176100629,0.0,0.4088050314465409,0.025157232704402517,2,0,0,0,0,0,0,1,1,4,0,1,3.728100167267218,60640.0,75075.0
400141,School Year 2017-2018,207,0,0,0.0966183574879227,0.0,0.32367149758454106,0.18357487922705315,0.0,0.004830917874396135,0.4396135265700483,0.45410628019323673,0.028985507246376812,0.01932367149758454,0.0,0.13043478260869565,0.08695652173913043,0,0,0,0,0,0,1,1,0,4,0,1,,60640.0,75075.0
400128,School Year 2017-2018,159,0,0,0.0,0.0,0.9811320754716981,0.0,0.0,0.0,0.012578616352201259,0.5660377358490566,0.006289308176100629,0.0,0.0,0.2389937106918239,0.0,0,1,0,0,0,0,0,0,0,4,0,1,,60623.0,41680.0
400058,School Year 2017-2018,367,1,0,0.0,0.0,0.9863760217983651,0.0,0.0,0.0,0.010899182561307902,0.9591280653950953,0.0,0.0,0.0,0.1989100817438692,0.0027247956403269754,1,0,0,1,0,0,0,0,1,4,1,1,3.182211840496609,60623.0,41680.0
609704,School Year 2017-2018,672,0,0,0.0,0.0,0.125,0.26339285714285715,0.0,0.0,0.8660714285714286,0.84375,0.0,0.001488095238095238,0.0,0.24404761904761904,0.00744047619047619,2,0,0,0,0,1,0,0,1,5,0,1,3.6216707044204863,60623.0,41680.0
610385,School Year 2017-2018,220,1,0,0.0,0.0,0.1409090909090909,0.3409090909090909,0.0,0.0,0.85,0.9454545454545454,0.0,0.0,0.0,0.33181818181818185,0.00909090909090909,1,0,0,0,0,0,0,0,1,4,0,1,2.8903717578961645,60623.0,41680.0
610383,School Year 2017-2018,304,1,0,0.0,0.0,0.1118421052631579,0.23684210526315788,0.0,0.0,0.8782894736842105,0.8552631578947368,0.0,0.003289473684210526,0.0,0.19078947368421054,0.006578947368421052,3,0,0,0,0,0,0,0,1,4,0,1,3.1090609588609945,60623.0,41680.0
610384,School Year 2017-2018,408,1,0,0.0024509803921568627,0.0,0.007352941176470588,0.14705882352941177,0.0,0.0,0.9877450980392157,0.9583333333333334,0.0,0.0,0.0,0.14215686274509803,0.0024509803921568627,2,0,0,0,0,0,0,0,1,4,0,0,2.128231705849269,60623.0,41680.0
610392,School Year 2017-2018,355,1,0,0.0,0.0,0.04788732394366197,0.29014084507042254,0.011267605633802818,0.0,0.9295774647887324,0.9380281690140845,0.0028169014084507044,0.0,0.0,0.14647887323943662,0.008450704225352112,2,0,0,0,0,1,0,0,1,4,0,0,2.70805020110221,60623.0,41680.0
610357,School Year 2017-2018,126,0,0,0.0,0.0,0.0,0.42063492063492064,0.007936507936507936,0.0,0.9603174603174603,0.7619047619047619,0.0,0.007936507936507936,0.0,0.2857142857142857,0.023809523809523808,1,0,0,0,0,0,0,0,1,4,0,0,2.7972813348301533,60623.0,41680.0
610499,School Year 2017-2018,222,0,1,0.0,0.0,0.972972972972973,0.0,0.0,0.0045045045045045045,0.02252252252252252,0.918918918918919,0.0,0.0,0.0,0.23423423423423423,0.0,1,0,0,0,0,0,0,0,1,4,0,1,3.6635616461296463,60623.0,41680.0
400059,School Year 2017-2018,366,0,1,0.0,0.0,0.9836065573770492,0.0,0.00819672131147541,0.0,0.00546448087431694,0.7814207650273224,0.00273224043715847,0.0,0.0,0.18579234972677597,0.0,1,0,0,0,0,0,0,1,1,4,1,1,3.190476350346503,60623.0,41680.0
609692,School Year 2017-2018,1341,0,1,0.0,0.0,0.9858314690529456,0.0014914243102162564,0.0,0.0007457121551081282,0.010439970171513796,0.8478747203579419,0.002982848620432513,0.0,0.0,0.1058911260253542,0.0,2,0,0,0,0,0,0,1,0,4,0,0,2.6946271807700692,60620.0,47131.0
400117,School Year 2017-2018,563,0,0,0.0,0.0,0.9911190053285968,0.012433392539964476,0.0,0.0017761989342806395,0.007104795737122558,0.7460035523978685,0.0,0.0,0.0,0.21314387211367672,0.0,1,0,0,0,0,0,0,1,1,4,1,1,2.6246685921631587,60620.0,47131.0
610581,School Year 2017-2018,105,0,0,0.0,0.0,0.9428571428571428,0.0,0.0,0.0,0.047619047619047616,0.9142857142857143,0.009523809523809525,0.0,0.0,0.24761904761904763,0.0,0,0,0,0,0,0,0,1,0,4,0,1,,60620.0,47131.0
400130,School Year 2017-2018,132,0,0,0.0,0.0,0.9772727272727273,0.0,0.007575757575757576,0.0,0.0,0.9621212121212122,0.0,0.015151515151515152,0.0,0.25,0.0,0,0,0,0,0,0,0,0,1,4,0,1,,60620.0,47131.0
400062,School Year 2017-2018,315,0,1,0.0,0.0,0.9809523809523809,0.006349206349206349,0.0,0.0,0.009523809523809525,0.8285714285714286,0.009523809523809525,0.0,0.0,0.21904761904761905,0.0,1,0,0,0,0,0,0,1,1,4,1,0,2.9652730660692828,60620.0,47131.0
400061,School Year 2017-2018,404,0,1,0.0,0.0,0.9752475247524752,0.0024752475247524753,0.0,0.0024752475247524753,0.01485148514851485,0.8539603960396039,0.007425742574257425,0.0,0.0,0.18316831683168316,0.0,1,0,0,0,0,0,0,1,1,7,1,0,2.980618635743943,60620.0,47131.0
400032,School Year 2017-2018,348,0,1,0.0,0.0,0.9971264367816092,0.0,0.0,0.0,0.0028735632183908046,0.8563218390804598,0.0,0.0,0.0,0.21839080459770116,0.0,1,0,0,1,0,0,0,0,1,4,1,1,3.100092288878234,60620.0,47131.0
610529,School Year 2017-2018,596,0,1,0.030201342281879196,0.0,0.4412751677852349,0.025167785234899327,0.0,0.0,0.3691275167785235,0.47315436241610737,0.028523489932885907,0.003355704697986577,0.0,0.10234899328859061,0.12751677852348994,3,1,0,0,0,0,0,0,0,7,0,0,1.8082887711792646,60642.0,114612.0
400055,School Year 2017-2018,619,0,1,0.0,0.0,0.19709208400646203,0.11954765751211632,0.0016155088852988692,0.0,0.7754442649434572,0.8206785137318255,0.006462035541195477,0.0032310177705977385,0.0,0.14054927302100162,0.01615508885298869,2,1,0,0,0,0,0,0,1,4,1,1,2.7850112422383386,60642.0,114612.0
400051,School Year 2017-2018,668,0,0,0.0074850299401197605,0.0,0.11526946107784432,0.09431137724550898,0.005988023952095809,0.0,0.8502994011976048,0.8218562874251497,0.0029940119760479044,0.005988023952095809,0.0,0.14520958083832336,0.011976047904191617,1,1,0,0,0,0,0,0,1,4,1,1,1.7749523509116747,60642.0,114612.0
400053,School Year 2017-2018,667,0,1,0.0029985007496251873,0.0,0.15742128935532235,0.11694152923538231,0.01199400299850075,0.0,0.7961019490254873,0.8920539730134932,0.005997001499250375,0.0029985007496251873,0.0,0.1724137931034483,0.022488755622188907,2,1,0,0,0,0,0,0,1,4,1,1,2.6246685921631587,60642.0,114612.0
610340,School Year 2017-2018,560,1,0,0.044642857142857144,0.0,0.10357142857142858,0.12857142857142856,0.0017857142857142857,0.0017857142857142857,0.6392857142857142,0.5410714285714285,0.007142857142857143,0.007142857142857143,0.0,0.2017857142857143,0.19464285714285715,1,0,0,0,0,0,0,0,0,4,0,1,2.557227311367627,60634.0,77020.0
609732,School Year 2017-2018,1232,0,0,0.022727272727272728,0.0,0.15827922077922077,0.19886363636363635,0.0,0.0008116883116883117,0.7150974025974026,0.5146103896103896,0.010551948051948052,0.004058441558441558,0.0,0.1875,0.08847402597402597,3,0,0,0,0,0,0,0,1,4,0,0,3.2619353143286474,60634.0,77020.0
610561,School Year 2017-2018,431,0,1,0.009280742459396751,0.0,0.7354988399071926,0.013921113689095127,0.0,0.002320185614849188,0.23897911832946636,0.6078886310904872,0.004640371229698376,0.002320185614849188,0.0,0.06728538283062645,0.0069605568445475635,3,1,0,0,0,0,0,0,1,4,0,0,,60612.0,60654.0
609722,School Year 2017-2018,83,0,1,0.0,0.0,0.9759036144578314,0.0,0.0,0.0,0.012048192771084338,0.7951807228915663,0.0,0.0,0.0,0.40963855421686746,0.012048192771084338,1,1,0,0,0,0,0,0,1,4,0,1,4.037774210733707,60612.0,60654.0
610571,School Year 2017-2018,338,0,0,0.005917159763313609,0.0,0.5828402366863905,0.08284023668639054,0.0,0.008875739644970414,0.3609467455621302,0.7455621301775148,0.008875739644970414,0.0029585798816568047,0.0,0.17751479289940827,0.029585798816568046,1,1,0,0,0,0,0,0,1,4,0,0,,60612.0,60654.0
400143,School Year 2017-2018,162,0,0,0.0,0.0,0.6049382716049383,0.06172839506172839,0.0,0.0,0.3765432098765432,0.6975308641975309,0.006172839506172839,0.006172839506172839,0.0,0.25308641975308643,0.006172839506172839,0,1,0,1,0,0,0,0,1,4,0,1,,60612.0,60654.0
400142,School Year 2017-2018,0,0,0,,,,,,,,,,,,,,0,0,0,0,0,0,0,0,0,4,0,1,,60612.0,60654.0
609783,School Year 2017-2018,190,0,0,0.005263157894736842,0.0,0.7947368421052632,0.04736842105263158,0.0,0.0,0.15263157894736842,0.45789473684210524,0.015789473684210527,0.005263157894736842,0.0,0.41578947368421054,0.02631578947368421,0,0,0,0,0,0,0,0,0,7,0,0,4.597138014290827,60612.0,60654.0
400097,School Year 2017-2018,1161,0,1,0.004306632213608958,0.0,0.32127476313522824,0.08957795004306632,0.0017226528854435831,0.0008613264427217916,0.6606373815676141,0.8828596037898363,0.002583979328165375,0.002583979328165375,0.0,0.16106804478897502,0.006029285099052541,1,1,0,0,0,0,0,0,1,4,1,1,2.8959119382717797,60612.0,60654.0
610304,School Year 2017-2018,545,0,1,0.01651376146788991,0.0,0.1559633027522936,0.06788990825688074,0.0,0.003669724770642202,0.8055045871559633,0.8788990825688073,0.003669724770642202,0.005504587155963303,0.0,0.06788990825688074,0.009174311926605505,1,1,0,1,0,0,0,0,1,4,0,0,1.960094784047269,60612.0,60654.0
609744,School Year 2017-2018,220,1,0,0.04090909090909091,0.0,0.20909090909090908,0.35909090909090907,0.0,0.0,0.5227272727272727,0.65,0.013636363636363636,0.00909090909090909,0.0,1.0,0.20454545454545456,1,0,0,0,0,0,0,0,0,4,0,1,4.605170185988092,60659.0,68047.0
609724,School Year 2017-2018,1484,1,0,0.2884097035040431,0.0,0.13409703504043127,0.26549865229110514,0.0,0.0047169811320754715,0.38477088948787064,0.5269541778975741,0.014824797843665768,0.006738544474393531,0.0,0.1495956873315364,0.1664420485175202,3,0,1,0,0,0,0,1,0,4,0,0,3.068052935133617,60659.0,68047.0
400034,School Year 2017-2018,918,0,1,0.17973856209150327,0.0,0.0664488017429194,0.14596949891067537,0.0,0.0032679738562091504,0.5599128540305011,0.7352941176470589,0.020697167755991286,0.0032679738562091504,0.0,0.22766884531590414,0.16666666666666666,2,1,0,0,0,0,0,1,1,4,1,1,2.747270914255491,60659.0,68047.0
609738,School Year 2017-2018,2105,1,0,0.12161520190023753,0.0,0.21330166270783849,0.03657957244655582,0.0023752969121140144,0.0014251781472684087,0.3311163895486936,0.3201900237529691,0.03800475059382423,0.004750593824228029,0.0,0.09073634204275534,0.28741092636579574,5,1,1,0,0,0,1,1,0,4,0,0,2.208274413522804,60614.0,149897.0
609746,School Year 2017-2018,1862,0,1,0.027926960257787327,0.0,0.8431793770139635,0.014500537056928034,0.0010741138560687433,0.0021482277121374865,0.047261009667024706,0.495703544575725,0.024704618689581095,0.00322234156820623,0.0,0.05531686358754028,0.050483351235230935,4,1,0,0,0,0,0,0,0,6,0,0,2.6173958328340796,60615.0,67727.0
610381,School Year 2017-2018,217,0,1,0.004608294930875576,0.0,0.967741935483871,0.013824884792626729,0.0,0.0,0.027649769585253458,0.695852534562212,0.0,0.0,0.0,0.1935483870967742,0.0,2,0,0,1,0,0,0,1,1,4,0,1,3.182211840496609,60615.0,67727.0
610587,School Year 2017-2018,485,0,0,0.0,0.0,0.9670103092783505,0.0,0.0,0.002061855670103093,0.024742268041237112,0.8082474226804124,0.004123711340206186,0.0,0.0,0.1463917525773196,0.002061855670103093,0,0,0,0,0,0,0,0,0,2,0,0,,60615.0,67727.0
610380,School Year 2017-2018,179,0,1,0.0,0.0,0.9664804469273743,0.00558659217877095,0.0,0.0,0.027932960893854747,0.8212290502793296,0.00558659217877095,0.0,0.0,0.15083798882681565,0.0,1,0,0,1,0,0,0,1,1,4,0,1,2.5416019934645457,60615.0,67727.0
609712,School Year 2017-2018,103,0,0,0.0,0.0,0.9514563106796117,0.019417475728155338,0.0,0.0,0.009708737864077669,0.970873786407767,0.019417475728155338,0.019417475728155338,0.0,0.4368932038834951,0.0,1,1,0,1,0,0,0,0,1,4,0,0,4.0943445622221,60619.0,46846.0
400150,School Year 2017-2018,173,0,0,0.0,0.0,0.9884393063583815,0.0,0.0,0.0,0.011560693641618497,0.6763005780346821,0.0,0.0,0.0,0.26011560693641617,0.0,0,0,0,0,0,0,0,1,1,4,0,1,,60619.0,46846.0
400052,School Year 2017-2018,1181,0,0,0.000846740050804403,0.0,0.9669771380186283,0.00846740050804403,0.004233700254022015,0.000846740050804403,0.023708721422523286,0.825571549534293,0.002540220152413209,0.000846740050804403,0.0,0.15495342929720576,0.0,1,0,0,0,0,0,0,0,1,7,1,0,2.6810215287142904,60619.0,46846.0
610569,School Year 2017-2018,248,0,0,0.03225806451612903,0.0,0.05241935483870968,0.10483870967741936,0.0,0.0,0.6209677419354839,0.7782258064516129,0.024193548387096774,0.020161290322580645,0.0,0.20161290322580644,0.25,2,1,0,0,0,0,0,0,1,4,0,0,,60631.0,105355.0
609734,School Year 2017-2018,3414,0,1,0.07850029291154072,0.0,0.021675454012888107,0.07937902753368482,0.009666080843585237,0.0023432923257176333,0.3936731107205624,0.3948447568834212,0.025190392501464556,0.0029291154071470417,0.0,0.12302284710017575,0.46602226127709434,6,1,0,0,0,0,0,0,0,6,0,0,2.5494451709255714,60631.0,105355.0
400171,School Year 2017-2018,264,1,0,0.0,0.0,0.946969696969697,0.015151515151515152,0.01893939393939394,0.0,0.030303030303030304,0.7159090909090909,0.003787878787878788,0.0,0.0,0.23106060606060605,0.0,0,0,0,0,0,0,0,1,1,5,1,1,,60643.0,83368.0
400033,School Year 2017-2018,1281,0,0,0.0,0.0,0.9929742388758782,0.01014832162373146,0.0,0.0,0.00624512099921936,0.819672131147541,0.0,0.0,0.0,0.1865729898516784,0.00078064012490242,0,0,0,0,0,0,0,0,1,10,1,1,3.2846635654062037,60643.0,83368.0
400147,School Year 2017-2018,295,0,0,0.0,0.0,0.9728813559322034,0.006779661016949152,0.0,0.0,0.020338983050847456,0.39322033898305087,0.006779661016949152,0.0,0.0,0.21016949152542372,0.0,0,0,0,0,0,0,0,0,1,4,0,1,4.200204952921578,60643.0,83368.0
609762,School Year 2017-2018,452,0,1,0.0,0.0,0.9800884955752213,0.0022123893805309734,0.0,0.0,0.017699115044247787,0.7345132743362832,0.0022123893805309734,0.0,0.0,0.2588495575221239,0.0,1,0,0,0,0,0,0,0,1,4,0,0,3.3568971227655755,60643.0,83368.0
609725,School Year 2017-2018,1238,0,1,0.0,0.0,0.9733441033925686,0.0016155088852988692,0.004846526655896607,0.0,0.012924071082390954,0.72859450726979,0.006462035541195477,0.0,0.0,0.12197092084006463,0.0024232633279483036,2,0,0,0,0,0,0,1,0,6,0,1,2.8564702062204836,60643.0,83368.0
400167,School Year 2017-2018,737,0,0,0.0,0.0,0.29986431478968795,0.2265943012211669,0.009497964721845319,0.0,0.6811397557666214,0.689280868385346,0.004070556309362279,0.0013568521031207597,0.0,0.11533242876526459,0.004070556309362279,0,0,0,0,0,0,0,0,1,12,1,0,,60609.0,47139.0
610386,School Year 2017-2018,94,0,1,0.0,0.0,0.30851063829787234,0.13829787234042554,0.0,0.0,0.6595744680851063,0.6170212765957447,0.010638297872340425,0.0,0.0,0.1702127659574468,0.02127659574468085,2,0,0,0,0,0,0,0,1,3,0,0,,60609.0,47139.0
610513,School Year 2017-2018,197,0,1,0.015228426395939087,0.0,0.41624365482233505,0.06091370558375635,0.0,0.0,0.467005076142132,0.7461928934010152,0.02030456852791878,0.0,0.0,0.12690355329949238,0.08121827411167512,2,0,0,1,0,0,0,1,1,4,0,1,2.587764035227708,60609.0,47139.0
609735,School Year 2017-2018,219,0,1,0.0091324200913242,0.0,0.502283105022831,0.1278538812785388,0.0,0.0,0.3835616438356164,0.8127853881278538,0.0045662100456621,0.0,0.0,0.3470319634703196,0.1004566210045662,1,0,0,0,0,0,0,1,1,4,0,0,3.8022081394209395,60609.0,47139.0
610563,School Year 2017-2018,1070,1,0,0.03925233644859813,0.0,0.03177570093457944,0.11121495327102804,0.0,0.0009345794392523365,0.9093457943925234,0.6682242990654206,0.0,0.004672897196261682,0.0,0.07476635514018691,0.014018691588785047,3,0,0,0,1,0,0,0,1,4,0,0,,60609.0,47139.0
609682,School Year 2017-2018,226,0,1,0.0,0.0,0.40707964601769914,0.3141592920353982,0.008849557522123894,0.0,0.5752212389380531,0.9203539823008849,0.0,0.0,0.0,0.23008849557522124,0.008849557522123894,2,0,0,1,0,0,0,1,1,4,0,1,3.7013019741124933,60609.0,47139.0
400106,School Year 2017-2018,762,0,0,0.0013123359580052493,0.0,0.9553805774278216,0.009186351706036745,0.0026246719160104987,0.0013123359580052493,0.03543307086614173,0.8543307086614174,0.0013123359580052493,0.0026246719160104987,0.0,0.22178477690288714,0.0,1,0,0,1,0,0,0,1,1,4,1,0,3.104586678466073,60621.0,32722.0
400086,School Year 2017-2018,259,0,1,0.0,0.0,0.9922779922779923,0.003861003861003861,0.003861003861003861,0.0,0.003861003861003861,0.4980694980694981,0.0,0.0,0.0,0.23552123552123552,0.0,1,0,0,1,0,0,0,1,1,4,1,0,3.058707072715379,60621.0,32722.0
610506,School Year 2017-2018,1,0,1,0.0,0.0,1.0,0.0,0.0,0.0,0.0,1.0,0.0,0.0,0.0,0.0,0.0,1,0,0,1,0,0,0,1,1,4,0,1,3.182211840496609,60621.0,32722.0
609768,School Year 2017-2018,22,0,0,0.0,0.0,0.45454545454545453,0.36363636363636365,0.0,0.0,0.36363636363636365,0.8181818181818182,0.045454545454545456,0.0,0.0,1.0,0.13636363636363635,1,1,0,1,0,0,0,0,1,4,0,0,3.6402142821326553,60621.0,32722.0
610565,School Year 2017-2018,271,0,0,0.0,0.0,0.974169741697417,0.0036900369003690036,0.0,0.0,0.02214022140221402,0.5276752767527675,0.0036900369003690036,0.0,0.0,0.1881918819188192,0.0,0,0,0,0,0,0,0,0,1,5,0,0,,60621.0,32722.0
400125,School Year 2017-2018,152,0,0,0.0,0.0,0.03289473684210526,0.23684210526315788,0.0,0.006578947368421052,0.9342105263157895,0.8026315789473685,0.0,0.006578947368421052,0.0,0.19736842105263158,0.019736842105263157,1,1,0,0,0,0,0,0,1,4,0,1,,60641.0,73909.0
609708,School Year 2017-2018,749,0,1,0.0053404539385847796,0.0,0.21762349799732977,0.2897196261682243,0.0,0.0,0.7489986648865153,0.6902536715620827,0.0013351134846461949,0.004005340453938585,0.0,0.20293724966622162,0.022696929238985315,4,1,0,0,0,0,0,0,0,4,0,0,3.563882963939251,60641.0,73909.0
609729,School Year 2017-2018,1618,0,1,0.014833127317676144,0.0,0.09950556242274412,0.2058096415327565,0.0,0.0030902348578491965,0.8164400494437577,0.7799752781211372,0.00865265760197775,0.003708281829419036,0.0,0.21631644004944375,0.05377008652657602,4,1,0,0,0,0,0,0,0,4,0,0,3.246490991901174,60641.0,73909.0
400162,School Year 2017-2018,1010,1,0,0.005940594059405941,0.0,0.040594059405940595,0.12475247524752475,0.0019801980198019802,0.0,0.9128712871287129,0.7217821782178218,0.0039603960396039604,0.0,0.0,0.18712871287128713,0.034653465346534656,1,1,0,0,0,0,0,0,1,6,1,1,,60641.0,73909.0
609766,School Year 2017-2018,228,0,1,0.017543859649122806,0.0,0.2412280701754386,0.3201754385964912,0.0,0.0,0.5131578947368421,0.706140350877193,0.0043859649122807015,0.0,0.0,1.0,0.2236842105263158,0,0,0,0,0,0,0,0,0,4,0,1,4.37449836825309,60641.0,73909.0
609698,School Year 2017-2018,847,0,1,0.0,0.0,0.6080283353010626,0.10979929161747344,0.0,0.0011806375442739079,0.3837072018890201,0.7567886658795749,0.0011806375442739079,0.0011806375442739079,0.0,0.23376623376623376,0.004722550177095631,2,0,0,0,0,0,0,0,0,4,0,1,3.353406717825807,60652.0,76125.0
610557,School Year 2017-2018,249,0,0,0.004016064257028112,0.0,0.26104417670682734,0.11244979919678715,0.0,0.0,0.6546184738955824,0.8433734939759037,0.008032128514056224,0.0,0.0,0.1606425702811245,0.07228915662650602,0,0,0,0,0,0,0,0,0,4,0,0,,60652.0,76125.0
610558,School Year 2017-2018,917,1,0,0.0021810250817884407,0.0,0.4547437295528899,0.07960741548527808,0.0,0.0010905125408942203,0.52453653217012,0.5376226826608506,0.006543075245365322,0.003271537622682661,0.0,0.16357688113413305,0.007633587786259542,1,0,0,0,0,0,0,0,1,4,0,0,2.0668627594729765,60652.0,76125.0
610564,School Year 2017-2018,717,0,0,0.03626220362622036,0.0,0.17712691771269176,0.026499302649930265,0.009762900976290097,0.001394700139470014,0.5230125523012552,0.4616457461645746,0.022315202231520222,0.002789400278940028,0.0,0.13528591352859135,0.22733612273361228,3,1,0,0,0,0,0,0,0,6,0,1,,60618.0,97946.0
610524,School Year 2017-2018,316,1,0,0.006329113924050633,0.0,0.189873417721519,0.06645569620253164,0.0,0.006329113924050633,0.6772151898734177,0.6613924050632911,0.012658227848101266,0.0031645569620253164,0.0,0.189873417721519,0.10443037974683544,2,1,0,0,0,0,0,1,0,4,0,0,2.928523523860541,60618.0,97946.0
609720,School Year 2017-2018,4514,0,1,0.10500664599025254,0.0011076650420912715,0.07753655294638902,0.007532122286220647,0.02658396101019052,0.0028799291094373063,0.39986708019494904,0.4000886132033673,0.02924235711120957,0.0037660611431103233,0.0,0.044306601683650866,0.3540097474523704,10,1,1,0,0,0,0,0,1,6,0,0,1.5040773967762742,60618.0,97946.0
610568,School Year 2017-2018,282,0,0,0.031914893617021274,0.0,0.05673758865248227,0.1347517730496454,0.0,0.0070921985815602835,0.7907801418439716,0.5319148936170213,0.010638297872340425,0.0070921985815602835,0.0,0.15602836879432624,0.09574468085106383,0,0,0,0,0,0,0,0,0,4,0,0,,60618.0,97946.0
400172,School Year 2017-2018,645,0,0,0.006201550387596899,0.0,0.02635658914728682,0.29457364341085274,0.0031007751937984496,0.0,0.9395348837209302,0.6139534883720931,0.007751937984496124,0.0015503875968992248,0.0,0.20775193798449612,0.015503875968992248,2,1,0,0,0,0,0,0,1,2,1,0,,60618.0,97946.0
610402,School Year 2017-2018,172,1,0,0.040697674418604654,0.0,0.28488372093023256,0.005813953488372093,0.0,0.0,0.5813953488372093,0.6918604651162791,0.023255813953488372,0.005813953488372093,0.0,0.05813953488372093,0.06395348837209303,2,0,0,0,0,0,0,0,0,2,0,1,,60618.0,97946.0
400013,School Year 2017-2018,340,1,0,0.0058823529411764705,0.0,0.020588235294117647,0.3176470588235294,0.0,0.0,0.95,0.9294117647058824,0.0058823529411764705,0.0029411764705882353,0.0,0.2529411764705882,0.014705882352941176,2,1,0,0,0,0,0,0,1,4,1,0,3.034952986707272,60618.0,97946.0
400176,School Year 2017-2018,109,0,0,0.0,0.0,0.8532110091743119,0.045871559633027525,0.0,0.0,0.13761467889908258,0.45871559633027525,0.0,0.0,0.0,0.30275229357798167,0.009174311926605505,1,0,0,0,0,0,0,0,1,5,0,1,,60629.0,54685.0
609694,School Year 2017-2018,1011,1,0,0.010880316518298714,0.0,0.017804154302670624,0.008902077151335312,0.0,0.0,0.9396636993076162,0.6943620178041543,0.0,0.003956478733926805,0.0,0.02373887240356083,0.027695351137487636,3,0,0,0,1,0,0,0,0,4,0,0,2.6246685921631587,60629.0,54685.0
609741,School Year 2017-2018,1705,0,0,0.0011730205278592375,0.0,0.0656891495601173,0.17419354838709677,0.0017595307917888563,0.0,0.9073313782991203,0.8580645161290322,0.0017595307917888563,0.004105571847507331,0.0,0.14838709677419354,0.01818181818181818,1,0,0,0,1,0,0,0,1,4,0,1,2.839078463508614,60629.0,54685.0
400115,School Year 2017-2018,1093,0,0,0.0018298261665141812,0.0,0.44190301921317476,0.1848124428179323,0.0,0.0009149130832570906,0.535224153705398,0.605672461116194,0.004574565416285453,0.0,0.0,0.14364135407136322,0.01555352241537054,1,0,0,0,0,0,0,0,1,13,1,1,2.867898902044106,60629.0,54685.0
609709,School Year 2017-2018,346,0,0,0.0,0.0,0.3815028901734104,0.2658959537572254,0.0,0.002890173410404624,0.6069364161849711,0.6734104046242775,0.0,0.002890173410404624,0.0,0.2543352601156069,0.005780346820809248,2,0,0,1,0,0,0,0,1,4,0,1,3.616308761279101,60629.0,54685.0
609728,School Year 2017-2018,954,0,1,0.08176100628930817,0.0,0.1278825995807128,0.3270440251572327,0.0,0.012578616352201259,0.7054507337526206,0.7484276729559748,0.0041928721174004195,0.010482180293501049,0.0,0.20545073375262055,0.057651991614255764,2,0,1,0,0,0,0,0,0,6,0,0,3.4111477125153233,60625.0,86237.0
609737,School Year 2017-2018,1770,0,1,0.13389830508474576,0.0,0.09830508474576272,0.02598870056497175,0.0,0.0011299435028248588,0.576271186440678,0.6468926553672316,0.01977401129943503,0.0062146892655367235,0.0,0.05819209039548023,0.16440677966101694,3,0,1,0,0,0,0,0,0,4,0,1,2.1860512767380946,60625.0,86237.0
609749,School Year 2017-2018,1091,1,0,0.20256645279560037,0.006416131989000917,0.07516040329972502,0.005499541704857928,0.10724106324472961,0.002749770852428964,0.2997250229147571,0.3987167736021998,0.03391384051329056,0.00458295142071494,0.0,0.05682859761686526,0.2676443629697525,5,0,0,0,0,0,0,0,0,4,0,1,1.2237754316221174,60625.0,86237.0
609695,School Year 2017-2018,1285,1,0,0.11361867704280156,0.0,0.11284046692607004,0.08949416342412451,0.0,0.005447470817120622,0.5875486381322957,0.7463035019455253,0.017120622568093387,0.0031128404669260703,0.0,0.15019455252918287,0.16031128404669262,2,0,1,0,0,0,0,0,1,4,0,1,3.1780538303479458,60625.0,86237.0
400066,School Year 2017-2018,495,0,1,0.0,0.0,0.9797979797979798,0.012121212121212121,0.0,0.0,0.01818181818181818,0.694949494949495,0.0,0.0,0.0,0.17575757575757575,0.00202020202020202,1,0,0,1,0,0,0,0,1,7,1,0,3.190476350346503,60653.0,51883.0
609754,School Year 2017-2018,298,1,0,0.0,0.0,0.6308724832214765,0.06040268456375839,0.0,0.0,0.34563758389261745,0.6610738255033557,0.010067114093959731,0.0,0.0,0.09060402684563758,0.013422818791946308,1,0,0,1,0,0,0,1,1,4,0,0,2.3418058061473275,60653.0,51883.0
609727,School Year 2017-2018,768,0,1,0.0,0.0,0.9791666666666666,0.0078125,0.00390625,0.0013020833333333333,0.014322916666666666,0.6705729166666666,0.0,0.0,0.0,0.19661458333333334,0.0013020833333333333,1,0,0,1,0,0,0,1,1,4,0,0,3.6109179126442243,60653.0,51883.0
400137,School Year 2017-2018,112,0,0,0.0,0.0,0.9821428571428571,0.0,0.0,0.0,0.008928571428571428,0.6517857142857143,0.008928571428571428,0.0,0.0,0.1875,0.0,1,0,0,0,0,0,0,1,0,4,0,1,,60653.0,51883.0
609751,School Year 2017-2018,513,0,1,0.005847953216374269,0.0,0.9415204678362573,0.023391812865497075,0.0,0.0,0.04093567251461988,0.6666666666666666,0.007797270955165692,0.001949317738791423,0.0,0.1189083820662768,0.001949317738791423,2,0,0,0,0,0,0,1,0,4,0,0,2.4423470353692043,60653.0,51883.0
400133,School Year 2017-2018,404,0,0,0.0,0.0,0.9207920792079208,0.009900990099009901,0.0,0.0024752475247524753,0.07425742574257425,0.4381188118811881,0.0,0.0,0.0,0.2103960396039604,0.0024752475247524753,0,0,0,1,1,0,0,1,1,4,0,1,,60602.0,172492.0
400098,School Year 2017-2018,973,0,1,0.03699897225077081,0.0,0.28776978417266186,0.07605344295991778,0.0,0.0,0.6628982528263104,0.841726618705036,0.0051387461459403904,0.003083247687564234,0.0,0.11510791366906475,0.0041109969167523125,1,1,1,1,1,1,1,1,1,4,1,1,1.6486586255873823,60602.0,172492.0
609733,School Year 2017-2018,666,0,0,0.17417417417417416,0.0,0.39039039039039036,0.4369369369369369,0.0045045045045045045,0.0045045045045045045,0.34984984984984985,0.5330330330330331,0.0075075075075075074,0.0015015015015015015,0.0,0.23123123123123124,0.06756756756756757,3,0,0,0,0,0,0,1,1,4,0,0,3.523415014386405,60626.0,56683.0
400035,School Year 2017-2018,604,1,0,0.09437086092715231,0.0016556291390728477,0.3079470198675497,0.19701986754966888,0.008278145695364239,0.0,0.5149006622516556,0.6539735099337748,0.019867549668874173,0.004966887417218543,0.0,0.11092715231788079,0.048013245033112585,2,0,0,0,0,0,0,0,1,7,1,0,2.646174797384122,60626.0,56683.0
609740,School Year 2017-2018,362,0,0,0.0055248618784530384,0.0,0.47790055248618785,0.13812154696132597,0.008287292817679558,0.0,0.4447513812154696,0.7983425414364641,0.013812154696132596,0.0,0.0,0.26519337016574585,0.049723756906077346,1,1,0,1,0,0,0,0,0,4,0,1,3.190476350346503,60622.0,119502.0
609759,School Year 2017-2018,704,1,0,0.002840909090909091,0.0,0.30113636363636365,0.10653409090909091,0.0,0.0014204545454545455,0.6690340909090909,0.7286931818181818,0.004261363636363636,0.004261363636363636,0.0,0.25,0.017045454545454544,2,1,0,0,0,0,0,1,1,4,0,0,2.917770732084279,60622.0,119502.0
610580,School Year 2017-2018,101,0,0,0.019801980198019802,0.0,0.37623762376237624,0.09900990099009901,0.0,0.0,0.5346534653465347,0.7128712871287128,0.0,0.009900990099009901,0.0,0.1782178217821782,0.0594059405940594,0,0,0,0,0,0,0,0,0,4,0,1,,60622.0,119502.0
400022,School Year 2017-2018,612,0,1,0.017973856209150325,0.0,0.3382352941176471,0.008169934640522876,0.06209150326797386,0.0016339869281045752,0.35294117647058826,0.315359477124183,0.026143790849673203,0.0032679738562091504,0.0,0.06535947712418301,0.1977124183006536,2,1,0,0,0,0,0,1,0,4,0,0,2.734367509419584,60622.0,119502.0
400131,School Year 2017-2018,174,0,0,0.0,0.0,0.23563218390804597,0.06321839080459771,0.0,0.005747126436781609,0.7413793103448276,0.7701149425287356,0.0,0.011494252873563218,0.0,0.25287356321839083,0.005747126436781609,0,1,0,0,0,0,0,0,1,4,0,1,,60622.0,119502.0
609730,School Year 2017-2018,1415,0,1,0.18021201413427562,0.0,0.2530035335689046,0.19010600706713782,0.0049469964664310955,0.0077738515901060075,0.41908127208480567,0.6522968197879858,0.02402826855123675,0.0049469964664310955,0.0,0.13286219081272085,0.10600706713780919,3,0,0,0,0,0,0,1,1,4,0,1,2.6532419646072154,60660.0,66167.0
610390,School Year 2017-2018,458,0,1,0.0611353711790393,0.0,0.07641921397379912,0.06331877729257641,0.0,0.0,0.7685589519650655,0.5349344978165939,0.006550218340611353,0.004366812227074236,0.0,0.11790393013100436,0.08296943231441048,2,0,0,0,0,0,0,1,1,4,0,0,2.459588841803711,60660.0,66167.0
610389,School Year 2017-2018,225,0,1,0.0,0.0,0.8355555555555556,0.035555555555555556,0.0044444444444444444,0.0,0.14222222222222222,0.8577777777777778,0.0044444444444444444,0.0,0.0,0.25333333333333335,0.013333333333333334,1,0,0,0,0,0,0,0,1,4,0,1,3.9815490680767565,60624.0,36426.0
609723,School Year 2017-2018,265,0,0,0.0,0.0,0.9849056603773585,0.0037735849056603774,0.0,0.0,0.01509433962264151,0.8,0.0,0.0,0.0,0.28679245283018867,0.0,1,0,0,0,0,0,0,0,1,4,0,1,3.9871304779149512,60624.0,36426.0
610334,School Year 2017-2018,343,0,1,0.0029154518950437317,0.0,0.9212827988338192,0.037900874635568516,0.0,0.0029154518950437317,0.061224489795918366,0.8600583090379009,0.0,0.0,0.0,0.27988338192419826,0.011661807580174927,1,0,0,1,0,0,0,0,1,4,0,1,3.481240089335692,60624.0,36426.0
610566,School Year 2017-2018,85,0,0,0.0,0.0,0.9764705882352941,0.011764705882352941,0.0,0.0,0.023529411764705882,0.6,0.0,0.0,0.0,0.23529411764705882,0.0,0,0,0,0,0,0,0,0,0,4,0,0,,60624.0,36426.0
400118,School Year 2017-2018,352,0,0,0.002840909090909091,0.0,0.9517045454545454,0.005681818181818182,0.0,0.0,0.03977272727272727,0.9403409090909091,0.005681818181818182,0.0,0.0,0.30113636363636365,0.0,0,1,0,0,0,0,0,0,1,4,1,0,3.104586678466073,60624.0,36426.0
609693,School Year 2017-2018,1203,1,0,0.046550290939318374,0.0,0.5286783042394015,0.019118869492934332,0.004987531172069825,0.0,0.3940149625935162,0.6691604322527016,0.005818786367414797,0.0,0.0,0.0714879467996675,0.0199501246882793,3,0,0,1,0,0,0,0,0,4,0,0,1.9021075263969207,60624.0,36426.0
400119,School Year 2017-2018,338,1,0,0.0,0.0,0.9940828402366864,0.0,0.0,0.0,0.0029585798816568047,0.8757396449704142,0.0,0.0029585798816568047,0.0,0.21597633136094674,0.0,1,0,0,1,0,0,0,0,1,4,1,0,3.1135153092103742,60624.0,36426.0
609718,School Year 2017-2018,1600,1,0,0.006875,0.0,0.03125,0.0825,0.000625,0.00125,0.744375,0.448125,0.00625,0.01,0.0,0.17875,0.199375,2,0,0,0,1,0,0,0,0,4,0,0,3.265759410767051,60638.0,79245.0
610391,School Year 2017-2018,1364,0,1,0.008797653958944282,0.0,0.7096774193548387,0.015395894428152493,0.0,0.0,0.2434017595307918,0.626099706744868,0.006598240469208211,0.0036656891495601175,0.0,0.05205278592375367,0.02785923753665689,2,0,0,1,0,0,0,0,0,6,0,0,2.3702437414678608,60636.0,40691.0
609745,School Year 2017-2018,299,1,0,0.0033444816053511705,0.0,0.6956521739130435,0.10367892976588629,0.0033444816053511705,0.0,0.2408026755852843,0.6354515050167224,0.0,0.0,0.0,1.0,0.056856187290969896,0,0,0,0,0,0,0,0,1,2,0,0,,60636.0,40691.0
610570,School Year 2017-2018,453,0,0,0.002207505518763797,0.0,0.5452538631346578,0.09050772626931568,0.0,0.0,0.4216335540838852,0.7924944812362031,0.002207505518763797,0.002207505518763797,0.0,0.16114790286975716,0.026490066225165563,0,0,0,1,1,0,0,0,1,4,0,0,,60636.0,40691.0
609711,School Year 2017-2018,87,0,1,0.0,0.0,0.9655172413793104,0.011494252873563218,0.0,0.0,0.034482758620689655,0.8390804597701149,0.0,0.0,0.0,0.26436781609195403,0.0,1,1,0,0,0,0,0,0,1,4,0,1,3.7864597824528,60636.0,40691.0
609753,School Year 2017-2018,767,0,1,0.002607561929595828,0.0,0.4406779661016949,0.014341590612777053,0.0,0.001303780964797914,0.1760104302477184,0.23728813559322035,0.01955671447196871,0.007822685788787484,0.0,0.19426336375488917,0.3520208604954368,2,0,0,0,0,0,0,0,0,4,0,0,2.778819271990417,60655.0,105761.0
609760,School Year 2017-2018,482,0,1,0.0,0.0,0.35684647302904565,0.04564315352697095,0.002074688796680498,0.0,0.6265560165975104,0.8070539419087137,0.002074688796680498,0.0,0.0,0.05394190871369295,0.012448132780082987,2,0,0,0,0,0,0,1,1,4,0,0,2.3125354238472133,60627.0,74139.0
609680,School Year 2017-2018,1153,1,0,0.17432784041630528,0.0,0.10841283607979185,0.004336513443191674,0.0,0.006938421509106678,0.2220294882914137,0.28013876843018215,0.05030355594102342,0.0017346053772766695,0.0,0.045099739809193407,0.4362532523850824,5,0,1,0,0,0,0,1,0,4,0,0,0.4054651081081644,60610.0,132877.0
400113,School Year 2017-2018,236,0,0,0.00423728813559322,0.0,0.902542372881356,0.025423728813559324,0.0,0.0,0.07203389830508475,0.7372881355932204,0.00847457627118644,0.0,0.0,0.2245762711864407,0.012711864406779662,0,1,0,0,0,0,0,1,1,4,1,1,,60610.0,132877.0
400170,School Year 2017-2018,443,0,0,0.03160270880361174,0.0,0.4198645598194131,0.05869074492099323,0.0,0.0,0.5124153498871332,0.7900677200902935,0.006772009029345372,0.013544018058690745,0.0,0.16252821670428894,0.01580135440180587,1,0,1,0,0,0,1,1,1,4,1,1,,60610.0,132877.0
609678,School Year 2017-2018,1918,0,1,0.14285714285714285,0.0010427528675703858,0.11939520333680918,0.010948905109489052,0.0005213764337851929,0.005735140771637122,0.2935349322210636,0.37122002085505734,0.04118873826903024,0.0031282586027111575,0.0,0.058394160583941604,0.3925964546402503,3,1,1,0,0,1,0,1,0,4,0,0,0.6418538861723978,60605.0,157763.0
609719,School Year 2017-2018,1385,0,1,0.03032490974729242,0.0,0.10324909747292418,0.09386281588447654,0.0007220216606498195,0.0021660649819494585,0.7046931407942238,0.5689530685920577,0.022382671480144403,0.006498194945848376,0.0,0.17328519855595667,0.1299638989169675,3,1,1,1,1,1,1,1,0,4,0,0,2.4680995314716188,60613.0,113058.0
